name,code,parent_code,cls_type_id
FOOD,01,,7
БАКАЛЕЯ,01.002,01,7
КРУПЫ,01.002.0086,01.002,7
"КАШИ ДЛЯ ВАРКИ, ХЛОПЬЯ",01.002.0086.0297,01.002.0086,7
КАШИ ПОРЦИОННЫЕ,01.002.0086.0298,01.002.0086,7
КРУПЫ В ВАРОЧНЫХ ПАКЕТАХ,01.002.0086.0379,01.002.0086,7
КРУПЫ В УПАКОВКЕ,01.002.0086.0381,01.002.0086,7
КРУПЫ ВЕСОВЫЕ,01.002.0086.0380,01.002.0086,7
КРУПЫ ГАРНИРЫ,01.002.0086.0382,01.002.0086,7
МАКАРОННЫЕ ИЗДЕЛИЯ,01.002.0091,01.002,7
МАКАРОННЫЕ ИЗДЕЛИЯ ВЕСОВЫЕ,01.002.0091.0429,01.002.0091,7
МАКАРОННЫЕ ИЗДЕЛИЯ ДЛИННОРЕЗ,01.002.0091.0430,01.002.0091,7
МАКАРОННЫЕ ИЗДЕЛИЯ ДРУГИЕ,01.002.0091.0431,01.002.0091,7
МАКАРОННЫЕ ИЗДЕЛИЯ КОРОТКОРЕЗ,01.002.0091.0432,01.002.0091,7
МАКАРОННЫЕ ИЗДЕЛИЯ СПЕЦФОРМАТЫ,01.002.0091.0433,01.002.0091,7
МУКА,01.002.0104,01.002,7
МУКА ДРУГАЯ,01.002.0104.0484,01.002.0104,7
МУКА ПШЕНИЧНАЯ,01.002.0104.0486,01.002.0104,7
МУЧНЫЕ СМЕСИ ДЛЯ ВЫПЕЧКИ,01.002.0104.0489,01.002.0104,7
ПРОДУКТЫ Б/П,01.002.0144,01.002,7
ВЕРМИШЕЛЬ БП,01.002.0144.0061,01.002.0144,7
КАРТОФЕЛЬНОЕ ПЮРЕ БП,01.002.0144.0291,01.002.0144,7
СМЕСИ ДЛЯ ВАРКИ СУПОВ,01.002.0144.0753,01.002.0144,7
СУПЫ БП,01.002.0144.0820,01.002.0144,7
ПРОДУКТЫ ДЛЯ ЭТНИЧЕСКОЙ КУХНИ,01.002.0145,01.002,7
ПРОДУКТЫ ДЛЯ ПРИГОТОВЛЕНИЯ СУШИ,01.002.0145.0648,01.002.0145,7
РАСТИТЕЛЬНЫЕ МАСЛА,01.002.0150,01.002,7
МАСЛО ОЛИВКОВОЕ,01.002.0150.0447,01.002.0150,7
МАСЛО ПОДСОЛНЕЧНОЕ,01.002.0150.0448,01.002.0150,7
МАСЛО РАСТИТЕЛЬНОЕ ПРОЧЕЕ,01.002.0150.0449,01.002.0150,7
САХАР,01.002.0162,01.002,7
САХАР ВЕСОВОЙ,01.002.0162.0715,01.002.0162,7
САХАР ДРУГОЙ,01.002.0162.0716,01.002.0162,7
САХАР-ПЕСОК,01.002.0162.0717,01.002.0162,7
САХАР-РАФИНАД,01.002.0162.0718,01.002.0162,7
СОЛЬ,01.002.0174,01.002,7
СОЛЬ ДРУГАЯ,01.002.0174.0776,01.002.0174,7
СОЛЬ КАМЕННАЯ,01.002.0174.0777,01.002.0174,7
СОЛЬ МОРСКАЯ,01.002.0174.0778,01.002.0174,7
"СПЕЦИИ, ПРИПРАВЫ, КОНЦЕНТРАТЫ",01.002.0176,01.002,7
БУЛЬОННЫЕ КУБИКИ,01.002.0176.0051,01.002.0176,7
ИНГРИДИЕНТЫ И ПРОДУКТЫ ДЛЯ ВЫПЕЧКИ,01.002.0176.0264,01.002.0176,7
ПИЩЕВЫЕ КРАСИТЕЛИ,01.002.0176.0613,01.002.0176,7
ПРИПРАВОЧНЫЕ СМЕСИ,01.002.0176.0645,01.002.0176,7
"ПРЯНОСТИ, СУШЕНЫЕ ОВОЩИ",01.002.0176.0657,01.002.0176,7
"СЛИВКИ, МОЛОКО СУХОЕ",01.002.0176.0747,01.002.0176,7
СУХИЕ ДЕСЕРТЫ И НАПИТКИ,01.002.0176.0826,01.002.0176,7
СУХИЕ СОУСЫ И СМЕСИ,01.002.0176.0828,01.002.0176,7
УКСУС,01.002.0176.0892,01.002.0176,7
ГАСТРОНОМИЯ МЯСНАЯ,01.006,01,7
ВЕТЧИНА,01.006.0020,01.006,7
ВЕТЧИНА ВЕСОВАЯ,01.006.0020.0068,01.006.0020,7
ВЕТЧИНА НАРЕЗКА ШТУЧНАЯ,01.006.0020.0070,01.006.0020,7
ВЕТЧИНА ШТУЧНАЯ,01.006.0020.0071,01.006.0020,7
ДЕЛИКАТЕСЫ ИЗ ПТИЦЫ,01.006.0034,01.006,7
ДЕЛИКАТЕСЫ ИЗ ПТИЦЫ ДРУГИЕ ВЕС,01.006.0034.0150,01.006.0034,7
ДЕЛИКАТЕСЫ ИЗ ПТИЦЫ ДРУГИЕ ШТУЧНЫЕ,01.006.0034.0151,01.006.0034,7
ДЕЛИКАТЕСЫ ИЗ ПТИЦЫ ТУШКА,01.006.0034.0152,01.006.0034,7
ДЕЛИКАТЕСЫ ИЗ ПТИЦЫ ЧАСТИ ВЕС,01.006.0034.0153,01.006.0034,7
СНЕКИ ИЗ ПТИЦЫ ВЕСОВЫЕ,01.006.0034.0761,01.006.0034,7
СНЕКИ ИЗ ПТИЦЫ ШТУЧНЫЕ,01.006.0034.0762,01.006.0034,7
ДЕЛИКАТЕСЫ МЯСНЫЕ,01.006.0035,01.006,7
МЯСНЫЕ ДЕЛИКАТЕСЫ ВАРЕНО-КОПЧЕНЫЕ ВЕСОВЫЕ,01.006.0035.0495,01.006.0035,7
МЯСНЫЕ ДЕЛИКАТЕСЫ ВАРЕНО-КОПЧЕНЫЕ НАРЕЗКА ВЕСОВЫЕ,01.006.0035.0496,01.006.0035,7
МЯСНЫЕ ДЕЛИКАТЕСЫ ВАРЕНО-КОПЧЕНЫЕ НАРЕЗКА ШТУЧНЫЕ,01.006.0035.0497,01.006.0035,7
МЯСНЫЕ ДЕЛИКАТЕСЫ ВАРЕНО-КОПЧЕНЫЕ ШТУЧНЫЕ,01.006.0035.0498,01.006.0035,7
МЯСНЫЕ ДЕЛИКАТЕСЫ СЫРОВЯЛЕНЫЕ ВЕСОВЫЕ,01.006.0035.0499,01.006.0035,7
МЯСНЫЕ ДЕЛИКАТЕСЫ СЫРОВЯЛЕНЫЕ НАРЕЗКА ВЕС,01.006.0035.0500,01.006.0035,7
МЯСНЫЕ ДЕЛИКАТЕСЫ СЫРОВЯЛЕНЫЕ НАРЕЗКА ШТУЧНЫЕ,01.006.0035.0501,01.006.0035,7
МЯСНЫЕ ДЕЛИКАТЕСЫ СЫРОВЯЛЕНЫЕ ШТУЧНЫЕ,01.006.0035.0502,01.006.0035,7
МЯСНЫЕ ДЕЛИКАТЕСЫ СЫРОКОПЧЕНЫЕ ВЕСОВЫЕ,01.006.0035.0503,01.006.0035,7
МЯСНЫЕ ДЕЛИКАТЕСЫ СЫРОКОПЧЕНЫЕ НАРЕЗКА ВЕС,01.006.0035.0504,01.006.0035,7
МЯСНЫЕ ДЕЛИКАТЕСЫ СЫРОКОПЧЕНЫЕ НАРЕЗКА ШТУЧНЫЕ,01.006.0035.0505,01.006.0035,7
МЯСНЫЕ ДЕЛИКАТЕСЫ СЫРОКОПЧЕНЫЕ ШТУЧНЫЕ,01.006.0035.0506,01.006.0035,7
СНЕКИ ШТУЧНЫЕ,01.006.0035.0766,01.006.0035,7
КОЛБАСЫ ВАРЕНЫЕ,01.006.0064,01.006,7
КОЛБАСЫ ВАРЕНЫЕ ВЕСОВАЯ,01.006.0064.0314,01.006.0064,7
КОЛБАСЫ ВАРЕНЫЕ НАРЕЗКА ВЕСОВАЯ,01.006.0064.0315,01.006.0064,7
КОЛБАСЫ ВАРЕНЫЕ НАРЕЗКА ШТУЧНАЯ,01.006.0064.0316,01.006.0064,7
КОЛБАСЫ ВАРЕНЫЕ ШТУЧНАЯ,01.006.0064.0317,01.006.0064,7
КОЛБАСЫ КОПЧЕНЫЕ,01.006.0065,01.006,7
КОЛБАСЫ КОПЧЕНЫЕ ВЕСОВЫЕ,01.006.0065.0318,01.006.0065,7
КОЛБАСЫ КОПЧЕНЫЕ НАРЕЗКА ВЕСОВАЯ,01.006.0065.0319,01.006.0065,7
КОЛБАСЫ КОПЧЕНЫЕ НАРЕЗКА ШТУЧНАЯ,01.006.0065.0320,01.006.0065,7
КОЛБАСЫ КОПЧЕНЫЕ ШТУЧНЫЕ,01.006.0065.0321,01.006.0065,7
КОЛБАСЫ СЫРОВЯЛЕННЫЕ,01.006.0066,01.006,7
КОЛБАСЫ СЫРОВЯЛЕННЫЕ ВЕС,01.006.0066.0322,01.006.0066,7
КОЛБАСЫ СЫРОВЯЛЕННЫЕ НАРЕЗКА ВЕС,01.006.0066.0325,01.006.0066,7
КОЛБАСЫ СЫРОВЯЛЕННЫЕ НАРЕЗКА ШТУЧНАЯ,01.006.0066.0323,01.006.0066,7
КОЛБАСЫ СЫРОВЯЛЕННЫЕ ШТУЧНЫЕ,01.006.0066.0324,01.006.0066,7
КОЛБАСЫ СЫРОКОПЧЕНЫЕ,01.006.0067,01.006,7
КОЛБАСЫ СЫРОКОПЧЕНЫЕ ВЕС,01.006.0067.0325,01.006.0067,7
КОЛБАСЫ СЫРОКОПЧЕНЫЕ НАРЕЗКА ВЕС,01.006.0067.0326,01.006.0067,7
КОЛБАСЫ СЫРОКОПЧЕНЫЕ НАРЕЗКА ШТУЧНАЯ,01.006.0067.0327,01.006.0067,7
КОЛБАСЫ СЫРОКОПЧЕНЫЕ ШТУЧНЫЕ,01.006.0067.0328,01.006.0067,7
ПАШТЕТЫ,01.006.0123,01.006,7
ПАШТЕТЫ ВЕС,01.006.0123.0567,01.006.0123,7
ПАШТЕТЫ ШТУЧНЫЕ,01.006.0123.0571,01.006.0123,7
ПО ГАСТРОНОМИЯ МЯСНАЯ,01.006.0133,01.006,7
ПО КОЛБАСЫ СЫРОКОПЧЕНЫЕ ВЕС,01.006.0133.0620,01.006.0133,7
ПО СНЕКИ ВЕСОВЫЕ,01.006.0133.0635,01.006.0133,7
ПО СНЕКИ ШТУЧНЫЕ,01.006.0133.0636,01.006.0133,7
САЛО,01.006.0159,01.006,7
САЛО ВЕСОВОЕ,01.006.0159.0708,01.006.0159,7
САЛО КОПЧЕНОЕ ПРОМ.ПР-ВО,01.006.0159.0709,01.006.0159,7
САЛО СОЛЕНОЕ ПРОМ.ПР-ВО,01.006.0159.0710,01.006.0159,7
"САРДЕЛЬКИ, СОСИСКИ, ШПИКАЧКИ",01.006.0161,01.006,7
"СОСИСКИ, САРДЕЛЬКИ, ШПИКАЧИКИ ВЕСОВАЯ",01.006.0161.0780,01.006.0161,7
"СОСИСКИ, САРДЕЛЬКИ, ШПИКАЧИКИ ШТУЧНАЯ",01.006.0161.0781,01.006.0161,7
"ХОЛОДЦЫ, ЗАЛИВНОЕ",01.006.0211,01.006,7
"ХОЛОДЦЫ, ЗАЛИВНОЕ ВЕС",01.006.0211.0920,01.006.0211,7
"ХОЛОДЦЫ, ЗАЛИВНОЕ ШТУЧНЫЕ",01.006.0211.0921,01.006.0211,7
ГАСТРОНОМИЯ РЫБНАЯ,01.007,01,7
ИКРА,01.007.0054,01.007,7
ИКРА ЛОСОСЕВЫХ ВИДОВ РЫБ,01.007.0054.0259,01.007.0054,7
ИКРА ЛОСОСЕВЫХ ВИДОВ РЫБ ВЕСОВАЯ,01.007.0054.0260,01.007.0054,7
ИКРА ОСЕТРОВЫХ РЫБ,01.007.0054.0262,01.007.0054,7
ИКРА ПРОЧИХ ВИДОВ РЫБ,01.007.0054.0263,01.007.0054,7
МАСЛА РЫБНЫЕ,01.007.0093,01.007,7
МАСЛА РЫБНЫЕ В УПАКОВКЕ,01.007.0093.0444,01.007.0093,7
ПАШТЕТЫ ИЗ РЫБЫ В УПАКОВКЕ,01.007.0124,01.007,7
ПАШТЕТЫ ИЗ РЫБЫ В УПАКОВКЕ 1,01.007.0124.0569,01.007.0124,7
ПО ГАСТРОНОМИЯ РЫБНАЯ,01.007.0134,01.007,7
ПО РЫБА ВЯЛЕНАЯ ВЕСОВАЯ,01.007.0134.0632,01.007.0134,7
ПО РЫБА ГОРЯЧЕГО КОПЧЕНИЯ ВЕС,01.007.0134.0633,01.007.0134,7
ПО РЫБА ХОЛОДНОГО КОПЧЕНИЯ ВЕС,01.007.0134.0634,01.007.0134,7
РЫБА ВЯЛЕНАЯ,01.007.0153,01.007,7
РЫБА ВЯЛЕНАЯ В УПАКОВКЕ (В КИЛОГРАММАХ),01.007.0153.0682,01.007.0153,7
РЫБА ВЯЛЕНАЯ В УПАКОВКЕ (В ШТУКАХ),01.007.0153.0683,01.007.0153,7
РЫБА ВЯЛЕНАЯ ВЕСОВАЯ,01.007.0153.0681,01.007.0153,7
РЫБА ГОРЯЧЕГО КОПЧЕНИЯ,01.007.0154,01.007,7
РЫБА ГОРЯЧЕГО КОПЧЕНИЯ В УПАКОВКЕ (В ШТУКАХ),01.007.0154.0686,01.007.0154,7
РЫБА ГОРЯЧЕГО КОПЧЕНИЯ ВЕСОВАЯ,01.007.0154.0684,01.007.0154,7
РЫБА СОЛЕНАЯ,01.007.0156,01.007,7
РЫБА СОЛЕНАЯ В УПАКОВКЕ (В КИЛОГРАММАХ),01.007.0156.0699,01.007.0156,7
РЫБА СОЛЕНАЯ В УПАКОВКЕ (В ШТУКАХ),01.007.0156.0700,01.007.0156,7
РЫБА СОЛЕНАЯ ВЕСОВАЯ,01.007.0156.0698,01.007.0156,7
РЫБА ХОЛОДНОГО КОПЧЕНИЯ,01.007.0157,01.007,7
РЫБА ХОЛОДНОГО КОПЧЕНИЯ В УПАКОВКЕ (В КИЛОГРАММАХ),01.007.0157.0702,01.007.0157,7
РЫБА ХОЛОДНОГО КОПЧЕНИЯ В УПАКОВКЕ (В ШТУКАХ),01.007.0157.0703,01.007.0157,7
РЫБА ХОЛОДНОГО КОПЧЕНИЯ ВЕСОВАЯ,01.007.0157.0701,01.007.0157,7
ДЕТСКОЕ ПИТАНИЕ,01.009,01,7
ЗАМЕНИТЕЛИ МОЛОКА,01.009.0045,01.009,7
СМЕСИ БЕЗМОЛОЧНЫЕ,01.009.0045.0752,01.009.0045,7
СМЕСИ МОЛОЧНЫЕ,01.009.0045.0754,01.009.0045,7
КАШИ ДЕТСКИЕ,01.009.0059,01.009,7
КАШИ ДЕТСКИЕ БЕЗМОЛОЧНЫЕ СУХИЕ,01.009.0059.0294,01.009.0059,7
КАШИ ДЕТСКИЕ МОЛОЧНЫЕ СУХИЕ,01.009.0059.0296,01.009.0059,7
СУПЫ ДЕТСКИЕ,01.009.0059.0821,01.009.0059,7
КОНСЕРВЫ ДЕТСКОЕ,01.009.0076,01.009,7
ПЮРЕ МЯСНОЕ,01.009.0076.0665,01.009.0076,7
ПЮРЕ ОВОЩНОЕ,01.009.0076.0666,01.009.0076,7
ПЮРЕ РЫБНОЕ,01.009.0076.0667,01.009.0076,7
ПЮРЕ ФРУКТОВОЕ,01.009.0076.0668,01.009.0076,7
МАСЛО ДЕТСКОЕ,01.009.0094,01.009,7
МАСЛО ДЕТСКОЕ 1,01.009.0094.0445,01.009.0094,7
НАПИТКИ ДЕТСКИЕ,01.009.0112,01.009,7
НАПИТКИ ДЕТСКИЕ ВОДА,01.009.0112.0519,01.009.0112,7
НАПИТКИ ДЕТСКИЕ СОКИ,01.009.0112.0520,01.009.0112,7
НАПИТКИ ДЕТСКИЕ ЧАЙ,01.009.0112.0521,01.009.0112,7
"ПЕЧЕНЬЕ, БАТОНЧИКИ ДЕТСКИЕ",01.009.0130,01.009,7
БАТОНЧИКИ ДЕТСКИЕ,01.009.0130.0039,01.009.0130,7
ПЕЧЕНЬЕ ДЕТСКОЕ,01.009.0130.0581,01.009.0130,7
ЗАМОРОЖЕННАЯ РЫБА И МОРЕПРОДУКТЫ,01.010,01,7
МОРЕПРОДУКТЫ ЗАМОРОЖЕННЫЕ,01.010.0100,01.010,7
ГРЕБЕШКИ ЗАМОРОЖЕННЫЕ,01.010.0100.0140,01.010.0100,7
ДРУГИЕ ДЕЛИКАТЕСЫ ЗАМОРОЖЕННЫЕ,01.010.0100.0191,01.010.0100,7
ИЗДЕЛИЯ ИЗ СУРИМИ ЗАМОРОЖЕННЫЕ,01.010.0100.0257,01.010.0100,7
КАЛЬМАРЫ ЗАМОРОЖЕННЫЕ,01.010.0100.0285,01.010.0100,7
КАРАКАТИЦА ВЕСОВАЯ,01.010.0100.0286,01.010.0100,7
КРЕВЕТКИ ЗАМОРОЖЕННЫЕ,01.010.0100.0375,01.010.0100,7
МИДИИ ЗАМОРОЖЕННЫЕ,01.010.0100.0459,01.010.0100,7
МОРСКОЙ КОКТЕЙЛЬ ВЕСОВОЙ,01.010.0100.0478,01.010.0100,7
ОСЬМИНОГИ ЗАМОРОЖЕННЫЕ,01.010.0100.0550,01.010.0100,7
ПОЛУФАБРИКАТЫ ЗАМОРОЖЕНЫЕ РЫБНЫЕ,01.010.0137,01.010,7
П/Ф ИЗ РЫБЫ ЗАМОРОЖЕННЫЕ,01.010.0137.0662,01.010.0137,7
РЫБА ЗАМОРОЖЕННАЯ ФАРШ,01.010.0137.0694,01.010.0137,7
РЫБА ЗАМОРОЖЕННАЯ,01.010.0155,01.010,7
РЫБА ЗАМОРОЖЕННАЯ НАБОРЫ ДЛЯ УХИ,01.010.0155.0687,01.010.0155,7
РЫБА ЗАМОРОЖЕННАЯ НЕРАЗДЕЛАННАЯ В УПАКОВКЕ (В КИЛОГРАММАХ),01.010.0155.0689,01.010.0155,7
РЫБА ЗАМОРОЖЕННАЯ НЕРАЗДЕЛАННАЯ В УПАКОВКЕ (В ШТУКАХ),01.010.0155.0690,01.010.0155,7
РЫБА ЗАМОРОЖЕННАЯ НЕРАЗДЕЛАННАЯ ВЕСОВАЯ,01.010.0155.0688,01.010.0155,7
РЫБА ЗАМОРОЖЕННАЯ СТЕЙК В УПАКОВКЕ (В КИЛОГРАММАХ),01.010.0155.0692,01.010.0155,7
РЫБА ЗАМОРОЖЕННАЯ СТЕЙК В УПАКОВКЕ (В ШТУКАХ),01.010.0155.0693,01.010.0155,7
РЫБА ЗАМОРОЖЕННАЯ СТЕЙК ВЕСОВАЯ,01.010.0155.0691,01.010.0155,7
РЫБА ЗАМОРОЖЕННАЯ ФИЛЕ В УПАКОВКЕ (В КИЛОГРАММАХ),01.010.0155.0696,01.010.0155,7
РЫБА ЗАМОРОЖЕННАЯ ФИЛЕ ВЕСОВАЯ,01.010.0155.0695,01.010.0155,7
РЫБА ЗАМОРОЖЕННАЯ ФИЛЕ  В УПАКОВКЕ (В ШТУКАХ),01.010.0155.0697,01.010.0155,7
ЗДОРОВЫЙ ОБРАЗ ЖИЗНИ,01.011,01,7
АПТЕКА,01.011.0009,01.011,7
ДИАБЕТИЧЕСКИЕ БАТОНЧИКИ,01.011.0009.0163,01.011.0009,7
"ДИАБЕТИЧЕСКИЕ ВАРЕНЬЯ, СИРОПЫ",01.011.0009.0164,01.011.0009,7
ДИАБЕТИЧЕСКИЕ ЗАМЕНИТЕЛИ САХАРА,01.011.0009.0165,01.011.0009,7
ДИАБЕТИЧЕСКИЕ КОНДИТЕРСКИЕ ИЗДЕЛИЯ,01.011.0009.0166,01.011.0009,7
ДИАБЕТИЧЕСКИЕ КОНДИТЕРСКИЕ ИЗДЕЛИЯ ПРОЧИЕ,01.011.0009.0167,01.011.0009,7
ДИАБЕТИЧЕСКИЕ МУЧНЫЕ КОНДИТЕРСКИЕ ИЗДЕЛИЯ,01.011.0009.0168,01.011.0009,7
ДИАБЕТИЧЕСКИЕ НАПИТКИ,01.011.0009.0169,01.011.0009,7
КОНТРОЛЬ ВЕСА,01.011.0009.0345,01.011.0009,7
ПАРАФАРМАЦЕВТИЧЕСКИЕ БАДЫ,01.011.0009.0561,01.011.0009,7
ЖИВОЕ ПИТАНИЕ,01.011.0044,01.011,7
БАД ЗОЖ,01.011.0044.0032,01.011.0044,7
БАТОНЧИКИ,01.011.0044.0038,01.011.0044,7
"ВАРЕНЬЕ, СИРОПЫ",01.011.0044.0054,01.011.0044,7
"ВЕГЕТАРИАНСКИЕ ПОЛУФАБРИКАТЫ, КОТЛЕТЫ",01.011.0044.0058,01.011.0044,7
ЖИВОЕ ПИТАНИЕ,01.011.0044.0225,01.011.0044,7
ЗАМЕНИТЕЛИ САХАРА,01.011.0044.0232,01.011.0044,7
ЗАМОРОЖЕННАЯ ПРОДУКЦИЯ ДЛЯ ВЕГЕТАРИАНЦЕВ,01.011.0044.0233,01.011.0044,7
"КАШИ,ХЛОПЬЯ,МЮСЛИ",01.011.0044.0299,01.011.0044,7
"КЛЕТЧАТКА, ОТРУБИ",01.011.0044.0310,01.011.0044,7
КОНДИТЕРСКИЕ ИЗДЕЛИЯ ЗОЖ,01.011.0044.0331,01.011.0044,7
КОНДИТЕРСКИЕ ИЗДЕЛИЯ ПРОЧИЕ,01.011.0044.0332,01.011.0044,7
КОСМЕТИКА ЭТНИЧЕСКАЯ,01.011.0044.0367,01.011.0044,7
"КРУПЫ, ЗЕРНА, СЕМЕНА",01.011.0044.0383,01.011.0044,7
"МАКАРОННЫЕ ИЗДЕЛИЯ, ВЕГЕТАРИАНСКИЕ СУПЫ",01.011.0044.0428,01.011.0044,7
МАСЛА,01.011.0044.0442,01.011.0044,7
МУКА ЗОЖ,01.011.0044.0485,01.011.0044,7
МУЧНЫЕ КОНДИТЕРСКИЕ ИЗДЕЛИЯ ЗОЖ,01.011.0044.0488,01.011.0044,7
НАПИТКИ,01.011.0044.0518,01.011.0044,7
ОХЛАЖДЕННАЯ ПРОДУКЦИЯ ДЛЯ ВЕГЕТАРИАНЦЕВ,01.011.0044.0553,01.011.0044,7
ПРОДУКТЫ ЭТНИЧЕСКОЙ КУХНИ,01.011.0044.0651,01.011.0044,7
"СНЭКИ, ХЛЕБЦЫ",01.011.0044.0767,01.011.0044,7
"СОЛЬ, ПРИПРАВЫ",01.011.0044.0779,01.011.0044,7
СУПЕРФУДЫ,01.011.0044.0819,01.011.0044,7
"ЧАЙ, ФИТОСБОРЫ",01.011.0044.0935,01.011.0044,7
СТРОЙНАЯ ФИГУРА,01.011.0192,01.011,7
СТРОЙНАЯ ФИГУРА НАПИТКИ,01.011.0192.0817,01.011.0192,7
СТРОЙНАЯ ФИГУРА ОСНОВНОЕ ПИТАНИЕ,01.011.0192.0818,01.011.0192,7
КОНСЕРВАЦИЯ,01.015,01,7
КОНСЕРВАЦИЯ ГРИБНАЯ,01.015.0069,01.015,7
ГРИБЫ КОНСЕРВИРОВАННЫЕ,01.015.0069.0143,01.015.0069,7
КОНСЕРВАЦИЯ МОЛОЧНАЯ,01.015.0070,01.015,7
КОНСЕРВИРОВАННЫЕ МОЛОЧНЫЕ ПРОДУКТЫ ДРУГИЕ,01.015.0070.0335,01.015.0070,7
МОЛОКО КОНЦЕНТРИРОВАННОЕ,01.015.0070.0464,01.015.0070,7
МОЛОКО СГУЩЕННОЕ,01.015.0070.0466,01.015.0070,7
МОЛОКО СГУЩЕННОЕ ВАРЕННОЕ,01.015.0070.0467,01.015.0070,7
"МОЛОКО СГУЩЕННОЕ С КОФЕ, КАКАО",01.015.0070.0468,01.015.0070,7
СЛИВКИ СГУЩЕННЫЕ С ДОБАВЛЕНИЕМ САХАРА,01.015.0070.0749,01.015.0070,7
КОНСЕРВАЦИЯ МЯСНАЯ,01.015.0071,01.015,7
КОНСЕРВИРОВАННЫЕ МЯСНЫЕ ПОЛУФАБРИКАТЫ,01.015.0071.0336,01.015.0071,7
КОНСЕРВЫ ИЗ ПТИЦЫ,01.015.0071.0337,01.015.0071,7
КОНСЕРВЫ МЯСНЫЕ,01.015.0071.0340,01.015.0071,7
КОНСЕРВЫ МЯСНЫЕ ДРУГИЕ,01.015.0071.0341,01.015.0071,7
КОНСЕРВЫ МЯСОРАСТИТЕЛЬНЫЕ,01.015.0071.0342,01.015.0071,7
ПАШТЕТЫ ИЗ МЯСА И ПТИЦЫ,01.015.0071.0568,01.015.0071,7
СУБПРОДУКТЫ КОНСЕРВИРОВАННЫЕ,01.015.0071.0818,01.015.0071,7
КОНСЕРВАЦИЯ ПЛОДО-ОВОЩНАЯ,01.015.0072,01.015,7
АССОРТИ ОВОЩНОЕ,01.015.0072.0027,01.015.0072,7
ГОРОШЕК ЗЕЛЕНЫЙ  КОНСЕРВИРОВАННЫЙ,01.015.0072.0138,01.015.0072,7
"ЗАКУСКИ, САЛАТЫ, ГОТОВЫЕ БЛЮДА КОНСЕРВИРОВАННЫЕ",01.015.0072.0231,01.015.0072,7
ИКРА ОВОЩНАЯ,01.015.0072.0261,01.015.0072,7
КУКУРУЗА КОНСЕРВИРОВАННАЯ,01.015.0072.0394,01.015.0072,7
ОГУРЦЫ КОНСЕРВИРОВАННЫЕ,01.015.0072.0538,01.015.0072,7
"ОЛИВКИ, МАСЛИНЫ КОНСЕРВИРОВАННЫЕ",01.015.0072.0539,01.015.0072,7
ПЕРЕЦ КОНСЕРВИРОВАННЫЙ,01.015.0072.0577,01.015.0072,7
ПРОЧИЕ ПЛОДЫ И ОВОЩИ КОНСЕРВИРОВАННЫЕ,01.015.0072.0655,01.015.0072,7
ТОМАТЫ КОНСЕРВИРОВАННЫЕ,01.015.0072.0867,01.015.0072,7
ФАСОЛЬ КОНСЕРВИРОВАННАЯ,01.015.0072.0898,01.015.0072,7
КОНСЕРВАЦИЯ РЫБНАЯ,01.015.0073,01.015,7
КОНСЕРВЫ ИЗ РЫБЫ,01.015.0073.0338,01.015.0073,7
КОНСЕРВЫ ИЗ РЫБЫ ДРУГИЕ,01.015.0073.0339,01.015.0073,7
МОРЕПРОДУКТЫ КОНСЕРВИРОВАННЫЕ,01.015.0073.0475,01.015.0073,7
ПАШТЕТЫ ИЗ РЫБЫ КОНСЕРВИРОВАННЫЕ,01.015.0073.0570,01.015.0073,7
КОНСЕРВАЦИЯ СЛАДКАЯ,01.015.0074,01.015,7
"ДЕСЕРТЫ, СИРОПЫ, КОНДИТЕРСКИЕ СЛИВКИ",01.015.0074.0157,01.015.0074,7
"ДЖЕМЫ, ПОВИДЛО, ВАРЕНЬЕ, КОНФИТЮРЫ",01.015.0074.0162,01.015.0074,7
КОНСЕРВАЦИЯ ФРУКТОВАЯ,01.015.0075,01.015,7
КОНСЕРВАЦИЯ КОМПОТЫ,01.015.0075.0334,01.015.0075,7
КОНСЕРВЫ ФРУКТОВЫЕ,01.015.0075.0343,01.015.0075,7
МЁД,01.015.0096,01.015,7
МЁД ВЕСОВОЙ,01.015.0096.0455,01.015.0096,7
МЁД УПАКОВАННЫЙ,01.015.0096.0457,01.015.0096,7
"КОНФЕТЫ, СЛАДОСТИ",01.016,01,7
ВОСТОЧНЫЕ СЛАДОСТИ,01.016.0027,01.016,7
"ВЕСОВЫЕ ВОСТОЧНЫЕ СЛАДОСТИ ЛУКУМЫ, ЩЕРБЕТЫ",01.016.0027.0064,01.016.0027,7
ВЕСОВЫЕ ВОСТОЧНЫЕ СЛАДОСТИ МУЧНЫЕ,01.016.0027.0065,01.016.0027,7
ВОСТОЧНЫЕ СЛАДОСТИ ЛУКУМЫ,01.016.0027.0114,01.016.0027,7
КОНФЕТЫ,01.016.0077,01.016,7
ВЕСОВЫЕ КОНФЕТЫ,01.016.0077.0066,01.016.0077,7
ИРИС,01.016.0077.0274,01.016.0077,7
КАРАМЕЛЬ,01.016.0077.0287,01.016.0077,7
КОНФЕТЫ В ПАКЕТАХ,01.016.0077.0350,01.016.0077,7
КОНФЕТЫ ВЕСОВЫЕ ПО ОДНОЙ ЦЕНЕ,01.016.0077.0346,01.016.0077,7
КОНФЕТЫ ВЕСОВЫЕ ПО ОДНОЙ ЦЕНЕ КАТЕГОРИЯ 2,01.016.0077.0347,01.016.0077,7
КОНФЕТЫ ВЕСОВЫЕ ПО ОДНОЙ ЦЕНЕ КАТЕГОРИЯ 3,01.016.0077.0348,01.016.0077,7
ОРЕХИ В ГЛАЗУРИ,01.016.0077.0542,01.016.0077,7
ПОМАДНЫЕ НЕГЛАЗИРОВАННЫЕ КОНФЕТЫ,01.016.0077.0624,01.016.0077,7
СУХОФРУКТЫ В ГЛАЗУРИ,01.016.0077.0829,01.016.0077,7
КОНФЕТЫ В КОРОБКАХ,01.016.0078,01.016,7
КОНФЕТЫ В КОРОБКАХ2,01.016.0078.0349,01.016.0078,7
НОВОГОДНИЕ ПОДАРКИ КОНДИТЕРСКИЕ,01.016.0113,01.016,7
НОВОГОДНИЕ ПОДАРКИ КОНДИТЕРСКИЕ2,01.016.0113.0528,01.016.0113,7
ПРИКАССОВАЯ ЗОНА,01.016.0143,01.016,7
"ДРУГИЕ ИРИСЫ, КАРАМЕЛЬ, ЛЕДЕНЦЫ, ДРАЖЕ",01.016.0143.0194,01.016.0143,7
ЖЕВАТЕЛЬНОЕ ДАРАЖЕ,01.016.0143.0219,01.016.0143,7
ЖЕВАТЕЛЬНЫЕ РЕЗИНКИ ДРУГИЕ,01.016.0143.0220,01.016.0143,7
ЖЕВАТЕЛЬНЫЕ РЕЗИНКИ ПЛАСТИНКИ,01.016.0143.0221,01.016.0143,7
ЖЕВАТЕЛЬНЫЕ РЕЗИНКИ ПОДУШЕЧКИ,01.016.0143.0222,01.016.0143,7
СЛАДОСТИ,01.016.0168,01.016,7
ВЕСОВЫЕ СЛАДОСТИ,01.016.0168.0067,01.016.0168,7
ДРАЖЕ,01.016.0168.0174,01.016.0168,7
ДРУГОЙ ЗЕФИР,01.016.0168.0216,01.016.0168,7
ЗЕФИР В ШОКОЛАДЕ,01.016.0168.0239,01.016.0168,7
ЗЕФИР КЛАССИЧЕСКИЙ,01.016.0168.0240,01.016.0168,7
КОЗИНАК,01.016.0168.0312,01.016.0168,7
ЛЕДЕНЦЫ,01.016.0168.0413,01.016.0168,7
МАРМЕЛАД ЖЕВАТЕЛЬНЫЙ,01.016.0168.0440,01.016.0168,7
МАРМЕЛАД КЛАССИЧЕСКИЙ,01.016.0168.0441,01.016.0168,7
ХАЛВА,01.016.0168.0908,01.016.0168,7
ШОКОЛАД,01.016.0217,01.016,7
БАТОНЧИКИ ДРУГИЕ,01.016.0217.0040,01.016.0217,7
БАТОНЧИКИ ШОКОЛАДНЫЕ,01.016.0217.0041,01.016.0217,7
ШОКОЛАДНЫЕ ПЛИТКИ БЕЛЫЕ,01.016.0217.0965,01.016.0217,7
ШОКОЛАДНЫЕ ПЛИТКИ МОЛОЧНЫЕ,01.016.0217.0946,01.016.0217,7
ШОКОЛАДНЫЕ ПЛИТКИ С ДОБАВКАМИ,01.016.0217.0947,01.016.0217,7
ШОКОЛАДНЫЕ ПЛИТКИ ТЕМНЫЕ,01.016.0217.0948,01.016.0217,7
ЯЙЦА ШОКОЛАДНЫЕ,01.016.0217.0964,01.016.0217,7
ШОКОЛАДНАЯ ПАСТА,01.016.0218,01.016,7
ШОКОЛАДНАЯ ПАСТА2,01.016.0218.0944,01.016.0218,7
КУЛИНАРИЯ,01.017,01,7
ВЫПЕЧКА,01.017.0028,01.017,7
ВЫПЕЧКА,01.017.0028.0115,01.017.0028,7
ГАРНИРЫ,01.017.227,01.017,7
ГАРНИРЫ ИЗ КРУП,01.017.227.0001,01.017.227,7
КОРЕЙСКИЕ БЛЮДА,01.017.0079,01.017,7
КОРЕЙСКИЕ БЛЮДА ГРИБНЫЕ,01.017.0079.0351,01.017.0079,7
КОРЕЙСКИЕ БЛЮДА МЯСНЫЕ,01.017.0079.0352,01.017.0079,7
КОРЕЙСКИЕ БЛЮДА ОВОЩНЫЕ,01.017.0079.0353,01.017.0079,7
КОРЕЙСКИЕ БЛЮДА РЫБНЫЕ,01.017.0079.0354,01.017.0079,7
КОРЕЙСКИЕ БЛЮДА СОЕВЫЕ,01.017.0079.0355,01.017.0079,7
ПОЛУФАБРИКАТЫ,01.017.0135,01.017,7
ПОЛУФАБРИКАТЫ ОВОЩИ,01.017.0135.0622,01.017.0135,7
РАЗНОСОЛЫ,01.017.0149,01.017,7
РАЗНОСОЛЫ ГРИБЫ,01.017.0149.0670,01.017.0149,7
РАЗНОСОЛЫ ОВОЩИ,01.017.0149.0671,01.017.0149,7
РАЗНОСОЛЫ ТРАВЫ,01.017.0149.0672,01.017.0149,7
РАЗНОСОЛЫ ФРУКТЫ,01.017.0149.0673,01.017.0149,7
РАЗНОСОЛЫ ЯГОДЫ,01.017.0149.0674,01.017.0149,7
САЛАТЫ ПРОМ.ПРОИЗВОДСТВО,01.017.0158,01.017,7
САЛАТЫ ИЗ МОРЕПРОДУКТОВ,01.017.0158.0708,01.017.0158,7
САЛАТЫ МЯСНЫЕ,01.017.0158.0706,01.017.0158,7
САЛАТЫ ОВОЩНЫЕ,01.017.0158.0707,01.017.0158,7
ТУШЕНЫЕ БЛЮДА,01.017.0206,01.017,7
ТУШЕНЫЕ БЛЮДА ОВОЩИ,01.017.0206.0885,01.017.0206,7
ЯПОНСКИЕ БЛЮДА,01.017.0226,01.017,7
ЯПОНСКИЕ БЛЮДА НАБОРЫ,01.017.0226.0968,01.017.0226,7
ЯПОНСКИЕ БЛЮДА РОЛЛЫ,01.017.0226.0969,01.017.0226,7
ЯПОНСКИЕ БЛЮДА СУШИ,01.017.0226.0970,01.017.0226,7
МАСЛО-ЖИРОВАЯ ПРОДУКЦИЯ,01.018,01,7
МАРГАРИНЫ,01.018.0092,01.018,7
"МАРГАРИН, САЛО, ЖИР",01.018.0092.0438,01.018.0092,7
МАСЛО КОКОСОВОЕ,01.018.0092.0446,01.018.0092,7
СПРЕДЫ,01.018.0092.0786,01.018.0092,7
МАСЛО СЛИВОЧНОЕ,01.018.0095,01.018,7
МАСЛО СЛИВОЧНОЕ,01.018.0095.0450,01.018.0095,7
МАСЛО СЛИВОЧНОЕ В УПАКОВКЕ,01.018.0095.0451,01.018.0095,7
МАСЛО СЛИВОЧНОЕ ТОПЛЕНОЕ,01.018.0095.0452,01.018.0095,7
МОЛОЧНЫЕ ПРОДУКТЫ,01.019,01,7
ДЕСЕРТЫ,01.019.0036,01.019,7
ДЕСЕРТЫ ЖЕЛЕЙНЫЕ,01.019.0036.0155,01.019.0036,7
ДЕСЕРТЫ МОЛОЧНЫЕ,01.019.0036.0156,01.019.0036,7
ДЕСЕРТЫ ФРУКТОВЫЕ,01.019.0036.0159,01.019.0036,7
ДЕТСКОЕ МОЛОЧНОЕ ПИТАНИЕ,01.019.0038,01.019,7
ЙОГУРТЫ ДЕТСКИЕ,01.019.0038.0276,01.019.0038,7
КАШИ ДЕТСКИЕ ЖИДКИЕ,01.019.0038.0295,01.019.0038,7
КИСЛОМОЛОЧНАЯ ПРОДУКЦИЯ ДЕТСКАЯ,01.019.0038.0306,01.019.0038,7
КОКТЕЙЛИ ДЕТСКИЕ,01.019.0038.0313,01.019.0038,7
"МОЛОКО, СЛИВКИ ДЕТСКИЕ",01.019.0038.0469,01.019.0038,7
СНЕКИ МОЛОЧНЫЕ,01.019.0038.0763,01.019.0038,7
ТВОРОЖКИ ДЕТСКИЕ,01.019.0038.0856,01.019.0038,7
ДРОЖЖИ СЫРЫЕ,01.019.0039,01.019,7
ДРОЖЖИ СЫРЫЕ 1,01.019.0039.0176,01.019.0039,7
ЙОГУРТЫ СТЕРИЛИЗОВАННЫЕ,01.019.0055,01.019,7
ЙОГУРТЫ СТЕРИЛИЗОВАННЫЕ ВЯЗКИЕ,01.019.0055.0277,01.019.0055,7
ЙОГУРТЫ СТЕРИЛИЗОВАННЫЕ ПИТЬЕВЫЕ,01.019.0055.0278,01.019.0055,7
ЙОГУРТЫ ТЕРМОСТАТНЫЕ,01.019.0056,01.019,7
ЙОГУРТЫ ТЕРМОСТАТНЫЕ ВЯЗКИЕ,01.019.0056.0279,01.019.0056,7
ЙОГУРТЫ ТЕРМОСТАТНЫЕ ПИТЬЕВЫЕ,01.019.0056.0280,01.019.0056,7
КИСЛОМОЛОЧНАЯ ПРОДУКЦИЯ,01.019.0061,01.019,7
ЗАКВАСКИ,01.019.0061.0229,01.019.0061,7
КЕФИР,01.019.0061.0305,01.019.0061,7
ПОДДЕРЖИВАЮЩИЕ ИММУНИТЕТ,01.019.0061.0617,01.019.0061,7
"РЯЖЕНКА, ВАРЕНЕЦ",01.019.0061.0704,01.019.0061,7
СМЕТАНА,01.019.0061.0757,01.019.0061,7
СНЕЖОК,01.019.0061.0758,01.019.0061,7
"ТАН, АЙРАН, КУМЫС, МАЦОНИ",01.019.0061.0853,01.019.0061,7
"МОЛОКО, СЛИВКИ",01.019.0098,01.019,7
МОЛОКО КОЗЬЕ ПАСТЕРИЗОВАННОЕ,01.019.0098.0462,01.019.0098,7
МОЛОКО КОЗЬЕ СТЕРИЛИЗОВАННОЕ,01.019.0098.0463,01.019.0098,7
МОЛОКО ПАСТЕРИЗОВАННОЕ,01.019.0098.0465,01.019.0098,7
МОЛОКО СТЕРИЛИЗОВАННОЕ,01.019.0098.0470,01.019.0098,7
МОЛОКО ТОПЛЕНОЕ ПАСТЕРИЗОВАННОЕ,01.019.0098.0471,01.019.0098,7
МОЛОКО ТОПЛЕНОЕ СТЕРИЛИЗОВАННОЕ,01.019.0098.0472,01.019.0098,7
СЛИВКИ ПАСТЕРИЗОВАННЫЕ,01.019.0098.0748,01.019.0098,7
СЛИВКИ СТЕРИЛИЗОВАННЫЕ,01.019.0098.0750,01.019.0098,7
МОЛОЧНЫЕ НАПИТКИ,01.019.0099,01.019,7
МОЛОЧНЫЕ НАПИТКИ ВЫСОКОЙ ТЕМПЕРАТУРЫ ХРАНЕНИЯ,01.019.0099.0473,01.019.0099,7
МОЛОЧНЫЕ НАПИТКИ НИЗКОЙ ТЕМПЕРАТУРЫ ХРАНЕНИЯ,01.019.0099.0474,01.019.0099,7
РАСТИТЕЛЬНЫЕ ПРОДУКТЫ,01.019.0151,01.019,7
"ДЕСЕРТЫ СОЕВЫЕ, КЕДРОВЫЕ, КОКОСОВЫЕ И ДР.",01.019.0151.0158,01.019.0151,7
"НАПИТКИ СОЕВЫЕ, КЕДРОВЫЕ, КОКОСОВЫЕ И ДР.",01.019.0151.0523,01.019.0151,7
"ПРОДУКТЫ ПРОЧИЕ СОЕВЫЕ, КЕДРОВЫЕ, КОКОСОВЫЕ И ДР.",01.019.0151.0650,01.019.0151,7
ТВОРОЖНЫЕ ПРОДУКТЫ,01.019.0201,01.019,7
МАССА ТВОРОЖНАЯ ЗАМОРОЖЕННАЯ,01.019.0201.0453,01.019.0201,7
"СЫРКИ, МАССА ТВОРОЖНЫЕ ЗАМОРОЖЕННЫЕ",01.019.0201.0834,01.019.0201,7
"СЫРКИ, МАССА ТВОРОЖНЫЕ ОХЛАЖДЕННЫЕ",01.019.0201.0835,01.019.0201,7
ТВОРОГ,01.019.0201.0855,01.019.0201,7
ТВОРОЖНЫЕ ДЕСЕРТЫ,01.019.0201.0857,01.019.0201,7
МОРОЖЕНОЕ,01.020,01,7
"ВЕДРА, ВАННЫ, ПАКЕТЫ, ТОРТЫ",01.020.0018,01.020,7
"ВЕДРА, ВАННЫ, ПАКЕТЫ, ТОРТЫ2",01.020.0018.0059,01.020.0018,7
"ЭСКИМО, СТАКАНЧИКИ, БРИКЕТЫ",01.020.0223,01.020,7
"ЭСКИМО, СТАКАНЧИКИ, БРИКЕТЫ2",01.020.0223.0962,01.020.0223,7
МУЧНЫЕ КОНДИТЕРСКИЕ ИЗДЕЛИЯ,01.021,01,7
"БИСКВИТЫ, КЕКСЫ, КРУАССАНЫ",01.021.0013,01.021,7
"БИСКВИТНЫЕ ИЗДЕЛИЯ, ПИРОЖНЫЕ",01.021.0013.0045,01.021.0013,7
КЕКСЫ ДЛИТЕЛЬНОГО ХРАНЕНИЯ,01.021.0013.0302,01.021.0013,7
КРУАССАНЫ ДЛИТЕЛЬНОГО ХРАНЕНИЯ,01.021.0013.0378,01.021.0013,7
РУЛЕТЫ ДЛИТЕЛЬНОГО ХРАНЕНИЯ,01.021.0013.0679,01.021.0013,7
ВАФЛИ,01.021.0017,01.021,7
ВАФЛИ ВЕСОВЫЕ,01.021.0017.0057,01.021.0017,7
ВАФЛИ2,01.021.0017.0056,01.021.0017,7
ПЕЧЕНЬЕ,01.021.0129,01.021,7
"КРЕКЕР, ГАЛЕТЫ",01.021.0129.0376,01.021.0129,7
ПЕЧЕНЬЕ ВЕСОВОЕ,01.021.0129.0580,01.021.0129,7
ПЕЧЕНЬЕ ЗАТЯЖНОЕ,01.021.0129.0582,01.021.0129,7
ПЕЧЕНЬЕ ОВСЯНОЕ,01.021.0129.0583,01.021.0129,7
ПЕЧЕНЬЕ ПЕСОЧНОЕ,01.021.0129.0584,01.021.0129,7
ПЕЧЕНЬЕ САХАРНОЕ,01.021.0129.0585,01.021.0129,7
ПЕЧЕНЬЕ СДОБНОЕ,01.021.0129.0587,01.021.0129,7
ПЕЧЕНЬЕ СЛОЖНОЕ,01.021.0129.0588,01.021.0129,7
ПРЯНИКИ,01.021.0147,01.021,7
ПРЯНИКИ ДЛИТЕЛЬНОГО ХРАНЕНИЯ,01.021.0147.0656,01.021.0147,7
"СУХАРИ, СУШКИ",01.021.0194,01.021,7
СУХАРИКИ ПРОМ.ПРОИЗВОДСТВА,01.021.0194.0825,01.021.0194,7
"СУШКИ, БАРАНКИ",01.021.0194.0833,01.021.0194,7
"ТОРТЫ, КОРЖИ",01.021.0203,01.021,7
КОРЖИ ДЛЯ ТОРТОВ ДЛИТЕЛЬНОГО ХРАНЕНИЯ,01.021.0203.0356,01.021.0203,7
"ТОРТЫ, ПИРОГИ, КОРЖИ",01.021.0204,01.021,7
ПИРОГИ ДЛИТЕЛЬНОГО ХРАНЕНИЯ,01.021.0204.0597,01.021.0204,7
ТОРТЫ БИСКВИТНЫЕ ДЛИТЕЛЬНОГО ХРАНЕНИЯ,01.021.0204.0870,01.021.0204,7
ТОРТЫ ВАФЕЛЬНЫЕ ДЛИТЕЛЬНОГО ХРАНЕНИЯ,01.021.0204.0871,01.021.0204,7
МЯСО ЗАМОРОЖЕННОЕ,01.022,01,7
МЯСО ЖИВОТНЫХ ЗАМОРОЖЕННОЕ,01.022.0108,01.022,7
ГОВЯДИНА ПОЛУФАБРИКАТЫ КРУПНОКУСКОВЫЕ ЗАМОРОЖЕННЫЕ,01.022.0108.0129,01.022.0108,7
ГОВЯДИНА СУБПРОДУКТЫ ЗАМОРОЖЕННЫЕ,01.022.0108.0134,01.022.0108,7
ГОВЯДИНА ФАРШ ЗАМОРОЖЕННЫЙ,01.022.0108.0136,01.022.0108,7
ДРУГОЕ МЯСО ПОЛУФАБРИКАТЫ КРУПНОКУСКОВЫЕ ЗАМОРОЖЕННЫЕ,01.022.0108.0207,01.022.0108,7
ДРУГОЕ МЯСО ПОЛУФАБРИКАТЫ ПОРЦИОННЫЕ ЗАМОРОЖЕННЫЕ,01.022.0108.0209,01.022.0108,7
ДРУГОЕ МЯСО СУБПРОДУКТЫ ЗАМОРОЖЕННЫЕ,01.022.0108.0212,01.022.0108,7
ДРУГОЕ МЯСО ТУШКИ ЗАМОРОЖЕННЫЕ,01.022.0108.0213,01.022.0108,7
СВИНИНА В МАРИНАДЕ ЗАМОРОЖЕННАЯ,01.022.0108.0720,01.022.0108,7
СВИНИНА ПОЛУФАБРИКАТЫ КРУПНОКУСКОВЫЕ ЗАМОРОЖЕННЫЕ,01.022.0108.0722,01.022.0108,7
СВИНИНА ПОЛУФАБРИКАТЫ МЕЛКОКУСКОВЫЕ ЗАМОРОЖЕННЫЕ,01.022.0108.0724,01.022.0108,7
СВИНИНА СУБПРОДУКТЫ ЗАМОРОЖЕННЫЕ,01.022.0108.0728,01.022.0108,7
СВИНИНА ТУШКИ ЗАМОРОЖЕННЫЕ,01.022.0108.0730,01.022.0108,7
МЯСО ПТИЦЫ ЗАМОРОЖЕННОЕ,01.022.0110,01.022,7
ДРУГАЯ ПТИЦА РАЗДЕЛКА ЗАМОРОЖЕННАЯ,01.022.0110.0181,01.022.0110,7
ДРУГАЯ ПТИЦА СУБПРОДУКТЫ ЗАМОРОЖЕННЫЕ,01.022.0110.0183,01.022.0110,7
ДРУГАЯ ПТИЦА ТУШКА ЗАМОРОЖЕННАЯ,01.022.0110.0185,01.022.0110,7
ДРУГАЯ ПТИЦА ФАРШ ЗАМОРОЖЕННЫЙ,01.022.0110.0187,01.022.0110,7
ИНДЕЙКА РАЗДЕЛКА ЗАМОРОЖЕННАЯ,01.022.0110.0266,01.022.0110,7
ИНДЕЙКА СУБПРОДУКТЫ ЗАМОРОЖЕННЫЕ,01.022.0110.0268,01.022.0110,7
ИНДЕЙКА ТУШКА ЗАМОРОЖЕННАЯ,01.022.0110.0270,01.022.0110,7
ИНДЕЙКА ФАРШ ЗАМОРОЖЕННЫЙ,01.022.0110.0272,01.022.0110,7
КУРЫ МЯСО В МАРИНАДЕ ЗАМОРОЖЕННОЕ,01.022.0110.0398,01.022.0110,7
КУРЫ РАЗДЕЛКА ЗАМОРОЖЕННАЯ,01.022.0110.0401,01.022.0110,7
КУРЫ СУБПРОДУКТЫ ЗАМОРОЖЕННЫЕ,01.022.0110.0403,01.022.0110,7
КУРЫ ТУШКА ЗАМОРОЖЕННАЯ,01.022.0110.0405,01.022.0110,7
КУРЫ ФАРШ ЗАМОРОЖЕННЫЙ,01.022.0110.0407,01.022.0110,7
НАПИТКИ АЛКОГОЛЬНЫЕ,01.023,01,7
АЛКОГОЛЬ СУВЕНИРНЫЙ,01.023.0008,01.023,7
"ПРОЧЕЕ (НАБОРЫ, ОРИГИНАЛЬНЫЕ БУТЫЛКИ)",01.023.0008.0654,01.023.0008,7
"ВЕРМУТЫ, АПЕРИТИВЫ",01.023.0019,01.023,7
ВЕРМУТЫ И АПЕРИТИВЫ ДАЛЬНЕГО ЗАРУБЕЖЬЯ,01.023.0019.0062,01.023.0019,7
ВЕРМУТЫ И АПЕРИТИВЫ РОССИИ И БЛИЖНЕГО ЗАРУБЕЖЬЯ,01.023.0019.0063,01.023.0019,7
ВИНО  ИГРИСТОЕ,01.023.0021,01.023,7
ВИНО ДАЛЬНЕГО ЗАРУБЕЖЬЯ ИГРИСТОЕ,01.023.0021.0079,01.023.0021,7
ВИНО ДАЛЬНЕГО ЗАРУБЕЖЬЯ ИСКРИСТОЕ И ГАЗИРОВАНОЕ,01.023.0021.0080,01.023.0021,7
ВИНО ИГРИСТОЕ АРОМАТИЗИРОВАНОЕ/ВКУСОВОЕ,01.023.0021.0087,01.023.0021,7
ВИНО ИГРИСТОЕ ИМЕНОВАННОЕ,01.023.0021.0088,01.023.0021,7
"ВИНО ИГРИСТОЕ ОРДИНАРНОЕ, ГАЗИРОВАНОЕ",01.023.0021.0089,01.023.0021,7
ШАМПАНСКОЕ,01.023.0021.0939,01.023.0021,7
"ВИНО ""ТИХОЕ""",01.023.0022,01.023,7
ВИНО  БЕЗАЛКОГОЛЬНОЕ,01.023.0022.0073,01.023.0022,7
ВИНО АРОМАТИЗИРОВАНОЕ,01.023.0022.0072,01.023.0022,7
"ВИНО В УДОБНОЙ УПАКОВКЕ ДО 1,5Л",01.023.0022.0074,01.023.0022,7
"ВИНО В УДОБНОЙ УПАКОВКЕ ДО 1,5Л (ДАЛЬНЕЕ ЗАРУБЕЖЬЕ)",01.023.0022.0075,01.023.0022,7
ВИНО В УДОБНОЙ УПАКОВКЕ ОТ 2Л,01.023.0022.0076,01.023.0022,7
ВИНО В УДОБНОЙ УПАКОВКЕ ОТ 2Л (ДАЛЬНЕЕ ЗАРУБЕЖЬЕ),01.023.0022.0077,01.023.0022,7
ВИНО В УДОБНОЙ УПАКОВКЕ ПЛОДОВОЕ,01.023.0022.0078,01.023.0022,7
"ВИНО ЕВРОПЫ  (ГЕРМАНИЯ, АВСТРИЯ)",01.023.0022.0082,01.023.0022,7
"ВИНО ЕВРОПЫ  (ИСПАНИЯ, ПОРТУГАЛИЯ)",01.023.0022.0083,01.023.0022,7
ВИНО ЕВРОПЫ  (ИТАЛИЯ),01.023.0022.0084,01.023.0022,7
ВИНО ЕВРОПЫ  (ФРАНЦИЯ),01.023.0022.0086,01.023.0022,7
"ВИНО ЕВРОПЫ (БОЛГАРИЯ, ВЕНГРИЯ)",01.023.0022.0081,01.023.0022,7
ВИНО ЕВРОПЫ (ПРОЧИЕ),01.023.0022.0085,01.023.0022,7
ВИНО НОВОГО СВЕТА  (АМЕРИКАНСКИЙ КОНТИНЕНТ),01.023.0022.0092,01.023.0022,7
ВИНО НОВОГО СВЕТА  (ПРОЧИЕ),01.023.0022.0093,01.023.0022,7
ВИНО ПЛОДОВОЕ ДАЛЬНЕГО ЗАРУБЕЖЬЯ,01.023.0022.0094,01.023.0022,7
ВИНО ПЛОДОВОЕ РОССИИ И БЛИЖНЕГО ЗАРУБЕЖЬЯ,01.023.0022.0095,01.023.0022,7
ВИНО СПЕЦИАЛЬНОЕ (КАГОР),01.023.0022.0099,01.023.0022,7
"ВИНО СПЕЦИАЛЬНОЕ (ХЕРЕС, МАДЕРА, ПОРТВЕЙН)",01.023.0022.0100,01.023.0022,7
ВИНО.  КАВКАЗА И ЗАКАВКАЗЬЯ,01.023.0022.0090,01.023.0022,7
ВИНО. МОЛДОВЫ,01.023.0022.0091,01.023.0022,7
ВИНО. РОССИИ,01.023.0022.0096,01.023.0022,7
ВИНО. РОССИИ (КРЫМ),01.023.0022.0097,01.023.0022,7
"ВИНО. РОССИИ (СПЕЦИАЛЬНОЕ ЭКОНОМ-СЕГМЕНТА, ВСЕ ТИПЫ ТАРЫ)",01.023.0022.0098,01.023.0022,7
"ВОДКА, НАСТОЙКИ, БАЛЬЗАМЫ",01.023.0026,01.023,7
ВОДКА,01.023.0026.0110,01.023.0026,7
ВОДКА И НАСТОЙКИ ДАЛЬНЕГО ЗАРУБЕЖЬЯ,01.023.0026.0111,01.023.0026,7
ВОДКА И НАСТОЙКИ КЛАССА ЛЮКС,01.023.0026.0112,01.023.0026,7
НАСТОЙКИ ГОРЬКИЕ,01.023.0026.0526,01.023.0026,7
"НАСТОЙКИ СЛАДКИЕ, НАЛИВКИ",01.023.0026.0527,01.023.0026,7
КРЕПКИЕ СПИРТНЫЕ НАПИТКИ (КСН),01.023.0085,01.023,7
КСН  ВИНОГРАДНЫЕ БРЕНДИ ВЫСОКОВЫДЕРЖАНЫЙ,01.023.0085.0384,01.023.0085,7
КСН  ВИНОГРАДНЫЕ БРЕНДИ ДАЛЬНЕЕ ЗАРУБЕЖЬЕ,01.023.0085.0385,01.023.0085,7
КСН  ВИНОГРАДНЫЕ БРЕНДИ КАВКАЗА И ЗАКАВКАЗЬЯ,01.023.0085.0386,01.023.0085,7
КСН  ВИНОГРАДНЫЕ БРЕНДИ РОССИЙСКИЙ И БЛИЖНЕГО ЗАРУБЕЖЬЯ,01.023.0085.0387,01.023.0085,7
"КСН  ВИНОГРАДНЫЕ КОНЬЯК, АРМАНЬЯК",01.023.0085.0388,01.023.0085,7
КСН  СОЛОДОВЫЕ ВИСКИ ОДНОСОЛОДОВЫЙ И ВЫСОКОВЫДЕРЖАНЫЙ,01.023.0085.0391,01.023.0085,7
КСН  СОЛОДОВЫЕ ВИСКИ ОРДИНАРНЫЙ,01.023.0085.0392,01.023.0085,7
"КСН ПРОЧЕЕ ДЖИН, РОМ, ТЕКИЛА",01.023.0085.0389,01.023.0085,7
КСН ПРОЧЕЕ ДРУГИЕ НАПИТКИ,01.023.0085.0390,01.023.0085,7
ЛИКЕРЫ,01.023.0089,01.023,7
ЛИКЕРЫ ДЕСЕРТНЫЕ (АЛК 5-30%),01.023.0089.0417,01.023.0089,7
ЛИКЕРЫ КРЕМЫ (АЛК 5-23%),01.023.0089.0418,01.023.0089,7
"ЛИКЕРЫ КРЕПКИЕ (АЛК ОТ 35%), БИТТЕРЫ, БАЛЬЗАМЫ",01.023.0089.0419,01.023.0089,7
ЛИКЕРЫ ПРОЧИЕ,01.023.0089.0420,01.023.0089,7
НАПИТКИ БЕЗАЛКОГОЛЬНЫЕ,01.024,01,7
ВОДА МИНЕРАЛЬНАЯ,01.024.0023,01.024,7
ВОДА МИНЕРАЛЬНАЯ БЕЗ ГАЗА,01.024.0023.0103,01.024.0023,7
ВОДА МИНЕРАЛЬНАЯ С ГАЗОМ,01.024.0023.0104,01.024.0023,7
ВОДА СЛАДКАЯ,01.024.0024,01.024,7
ВОДА СЛАДКАЯ ДРУГАЯ,01.024.0024.0105,01.024.0024,7
ВОДА СЛАДКАЯ НА САХАРЕ,01.024.0024.0106,01.024.0024,7
ВОДА СЛАДКАЯ НА САХАРОЗАМЕНИТЕЛЯХ,01.024.0024.0107,01.024.0024,7
ВОДА СЛАДКАЯ НЕФАСОВАННАЯ,01.024.0024.0869,01.024.0024,7
ДЕТСКОЕ ШАМПАНСКОЕ,01.024.0024.0161,01.024.0024,7
ТОНИКИ,01.024.0024.0868,01.024.0024,7
ВОДА СТОЛОВАЯ,01.024.0025,01.024,7
ВОДА СТОЛОВАЯ БЕЗ ГАЗА,01.024.0025.0108,01.024.0025,7
ВОДА СТОЛОВАЯ С ГАЗОМ,01.024.0025.0109,01.024.0025,7
"МОРСЫ, КОМПОТЫ",01.024.0102,01.024,7
МОРСЫ,01.024.0102.0479,01.024.0102,7
НАПИТКИ КОМПОТЫ,01.024.0102.0522,01.024.0102,7
СОКОВАЯ ГРУППА,01.024.0172,01.024,7
СОКИ И НЕКТАРЫ В Ж/Б,01.024.0172.0768,01.024.0172,7
СОКИ И НЕКТАРЫ В ПЭТ-БУТЫЛКЕ,01.024.0172.0769,01.024.0172,7
СОКИ И НЕКТАРЫ В СТЕКЛОБАНКЕ,01.024.0172.0770,01.024.0172,7
СОКИ И НЕКТАРЫ В СТЕКЛОБУТЫЛКЕ,01.024.0172.0771,01.024.0172,7
СОКИ И НЕКТАРЫ В Т/П,01.024.0172.0772,01.024.0172,7
СОКОСОДЕРЖАЩИЕ НАПИТКИ,01.024.0172.0774,01.024.0172,7
СОЛОДОСОДЕРЖАЩИЕ  НАПИТКИ,01.024.0173,01.024,7
КВАС,01.024.0173.0300,01.024.0173,7
КВАС НЕФАСОВАННЫЙ,01.024.0173.0302,01.024.0173,7
КВАСНОЙ НАПИТОК,01.024.0173.0301,01.024.0173,7
"ХОЛОДНЫЕ ЧАИ, КОФЕ",01.024.0210,01.024,7
ХОЛОДНЫЙ КОФЕ,01.024.0210.0918,01.024.0210,7
ХОЛОДНЫЙ ЧАЙ,01.024.0210.0919,01.024.0210,7
ЭНЕРГЕТИКИ И СПОРТ НАПИТКИ,01.024.0222,01.024,7
СПОРТИВНЫЕ НАПИТКИ,01.024.0222.0785,01.024.0222,7
ЭНЕРГЕТИЧЕСКИЕ НАПИТКИ,01.024.0222.0960,01.024.0222,7
"НАПИТКИ СЛАБОАЛКОГОЛЬНЫЕ, ПИВО",01.025,01,7
ПИВО,01.025.0131,01.025,7
ПИВО  ИМПОРТНОЕ И В БОЧОНКАХ,01.025.0131.0593,01.025.0131,7
ПИВО БЕЗАЛКОГОЛЬНОЕ,01.025.0131.0589,01.025.0131,7
ПИВО В  ПЭТ-БУТЫЛКЕ,01.025.0131.0591,01.025.0131,7
ПИВО В АЛЮМИНЕВОЙ БАНКЕ,01.025.0131.0590,01.025.0131,7
ПИВО В СТЕКЛЯНОЙ БУТЫЛКЕ,01.025.0131.0592,01.025.0131,7
"ПИВО. ""РЕЖИМНОГО ХРАНЕНИЯ"" НЕ ФАСОВАНОЕ",01.025.0131.0594,01.025.0131,7
"ПИВО. ""РЕЖИМНОГО ХРАНЕНИЯ"" ФАСОВАНОЕ",01.025.0131.0595,01.025.0131,7
ПИВО.ТАРА ОБОРОТНАЯ И РАСХОДНЫЕ МАТЕРИАЛЫ,01.025.0131.0596,01.025.0131,7
"СИДР, МЕДОВУХА",01.025.0166,01.025,7
МЕДОВУХА,01.025.0166.0456,01.025.0166,7
СИДР,01.025.0166.0742,01.025.0166,7
СЛАБОАЛКОГОЛЬНЫЕ КОКТЕЙЛИ,01.025.0167,01.025,7
"СЛАБОАЛК. КОКТЕЙЛИ ЕМКОСТЬЮ ДО 0,5Л",01.025.0167.0744,01.025.0167,7
"СЛАБОАЛК. КОКТЕЙЛИ ЕМКОСТЬЮ ДО 0,5Л (ПИВНАЯ ОСНОВА)",01.025.0167.0745,01.025.0167,7
"СЛАБОАЛК. КОКТЕЙЛИ ЕМКОСТЬЮ ОТ 1,5Л(ПИВНАЯ ОСНОВА)",01.025.0167.0746,01.025.0167,7
"ОВОЩИ, ФРУКТЫ ЗАМОРОЖЕННЫЕ",01.026,01,7
ГРИБЫ ЗАМОРОЖЕННЫЕ,01.026.0031,01.026,7
ГРИБЫ ЗАМОРОЖЕННЫЕ В УПАКОВКЕ,01.026.0031.0142,01.026.0031,7
ГРИБЫ ЗАМОРОЖЕННЫЕ ВЕСОВЫЕ,01.026.0031.0141,01.026.0031,7
ОВОЩИ ЗАМОРОЖЕННЫЕ,01.026.0115,01.026,7
ОВОЩИ ЗАМОРОЖЕННЫЕ В УПАКОВКЕ,01.026.0115.0533,01.026.0115,7
ОВОЩИ ЗАМОРОЖЕННЫЕ ВЕСОВЫЕ,01.026.0115.0532,01.026.0115,7
ОВОЩНЫЕ СМЕСИ ЗАМОРОЖЕННЫЕ,01.026.0116,01.026,7
ОВОЩНЫЕ СМЕСИ ЗАМОРОЖЕННЫЕ В УПАКОВКЕ,01.026.0116.0537,01.026.0116,7
ОВОЩНЫЕ СМЕСИ ЗАМОРОЖЕННЫЕ ВЕСОВЫЕ,01.026.0116.0536,01.026.0116,7
ФРУКТЫ И ЯГОДЫ ЗАМОРОЖЕННЫЕ,01.026.0209,01.026,7
ФРУКТЫ И ЯГОДЫ ЗАМОРОЖЕННЫЕ  В УПАКОВКЕ,01.026.0209.0902,01.026.0209,7
ФРУКТЫ И ЯГОДЫ ЗАМОРОЖЕННЫЕ ВЕСОВЫЕ,01.026.0209.0901,01.026.0209,7
ОРЕХИ СУХОФРУКТЫ СЕМЕЧКИ,01.027,01,7
ОРЕХИ,01.027.0117,01.027,7
ОРЕХИ В УПАКОВКЕ,01.027.0117.0544,01.027.0117,7
ОРЕХИ ВЕСОВЫЕ,01.027.0117.0543,01.027.0117,7
СЕМЕЧКИ,01.027.0164,01.027,7
СЕМЕЧКИ 1,01.027.0164.0734,01.027.0164,7
СМЕСЬ ФРУКТОВО-ОРЕХОВАЯ,01.027.0169,01.027,7
СМЕСЬ ФРУКТОВО-ОРЕХОВАЯ ВЕСОВАЯ,01.027.0169.0755,01.027.0169,7
СМЕСЬ ФРУКТОВО-ОРЕХОВАЯ ФАСОВАННАЯ,01.027.0169.0756,01.027.0169,7
СУХОФРУКТЫ,01.027.0195,01.027,7
СУХОФРУКТЫ В УПАКОВКЕ,01.027.0195.0831,01.027.0195,7
СУХОФРУКТЫ ВЕСОВЫЕ,01.027.0195.0830,01.027.0195,7
ПЕКАРНЯ ПРОМ.ПРОИЗВОДСТВА,01.030,01,7
ПЕКАРНЯ ПРОМ.ПР-ВА ВЫПЕЧКА,01.030.0125,01.030,7
БУЛОЧКИ,01.030.0125.0050,01.030.0125,7
ВЫПЕЧКА БЛИНЫ,01.030.0125.0116,01.030.0125,7
ВЫПЕЧКА БУТЕРБРОДЫ,01.030.0125.0117,01.030.0125,7
ВЫПЕЧКА ЗАМОРОЖЕННАЯ П/Ф,01.030.0125.0118,01.030.0125,7
ВЫПЕЧКА ПИРОГИ,01.030.0125.0119,01.030.0125,7
ВЫПЕЧКА ПИРОЖКИ,01.030.0125.0120,01.030.0125,7
ВЫПЕЧКА ПИЦЦА,01.030.0125.0121,01.030.0125,7
"ВЫПЕЧКА СЛОЙКИ, КРУАССАНЫ",01.030.0125.0122,01.030.0125,7
"КЕКСЫ, КОРЖИ, СОЧНИ",01.030.0125.0303,01.030.0125,7
КУЛИЧИ,01.030.0125.0396,01.030.0125,7
"ПИРОГИ, КУЛЕБЯКИ МЯСОРАСТИТЕЛЬНЫЕ",01.030.0125.0599,01.030.0125,7
"ПИРОГИ, КУЛЕБЯКИ ОВОЩНЫЕ",01.030.0125.0600,01.030.0125,7
"ПИРОГИ, КУЛЕБЯКИ РЫБНЫЕ",01.030.0125.0601,01.030.0125,7
"ПИРОГИ, КУЛЕБЯКИ СЛАДКИЕ",01.030.0125.0602,01.030.0125,7
ПИРОЖКИ,01.030.0125.0603,01.030.0125,7
ПОНЧИКИ,01.030.0125.0625,01.030.0125,7
"СЛОЙКИ, КРУАССАНЫ",01.030.0125.0751,01.030.0125,7
ТАРТАЛЕТКИ,01.030.0125.0854,01.030.0125,7
ПЕКАРНЯ ПРОМ.ПР-ВА КОНДИТЕРСКИЕ ИЗДЕЛИЯ,01.030.0126,01.030,7
ПЕЧЕНЬЕ СВЕЖЕЕ ПП,01.030.0126.0586,01.030.0126,7
ПИРОЖНЫЕ БЕЛКОВО-ВЗБИВНЫЕ,01.030.0126.0604,01.030.0126,7
ПИРОЖНЫЕ БИСКВИТНЫЕ,01.030.0126.0605,01.030.0126,7
ПИРОЖНЫЕ ВАФЕЛЬНЫЕ,01.030.0126.0606,01.030.0126,7
ПИРОЖНЫЕ ЗАВАРНЫЕ,01.030.0126.0607,01.030.0126,7
ПИРОЖНЫЕ КРОШКОВЫЕ,01.030.0126.0608,01.030.0126,7
ПИРОЖНЫЕ ПЕСОЧНЫЕ,01.030.0126.0609,01.030.0126,7
ПИРОЖНЫЕ СЛОЕНЫЕ,01.030.0126.0610,01.030.0126,7
ПИРОЖНЫЕ СУФЛЕ,01.030.0126.0611,01.030.0126,7
РУЛЕТЫ,01.030.0126.0678,01.030.0126,7
ТОРТЫ БИСКВИТНЫЕ,01.030.0126.0869,01.030.0126,7
ТОРТЫ ВЕСОВЫЕ,01.030.0126.0872,01.030.0126,7
ТОРТЫ ВОЗДУШНЫЕ,01.030.0126.0873,01.030.0126,7
ТОРТЫ ЗАВАРНЫЕ,01.030.0126.0874,01.030.0126,7
ТОРТЫ ЗАМОРОЖЕННЫЕ ПП,01.030.0126.0875,01.030.0126,7
ТОРТЫ ЛЕГКИЕ,01.030.0126.0876,01.030.0126,7
ТОРТЫ МЕДОВЫЕ,01.030.0126.0877,01.030.0126,7
ТОРТЫ СЛОЕНЫЕ,01.030.0126.0878,01.030.0126,7
ТОРТЫ СУФЛЕ,01.030.0126.0879,01.030.0126,7
ПЕКАРНЯ ПРОМ.ПР-ВА ТЕСТО ЗАМОРОЖЕННОЕ,01.030.201,01.030,7
ТЕСТО ДРОЖЖЕВОЕ ЗАМОРОЖЕННОЕ ПП,01.030.201.0001,01.030.201,7
ПЕКАРНЯ ПРОМ.ПР-ВА ТЕСТО ОХЛАЖДЕННОЕ,01.030.0127,01.030,7
ТЕСТО ДРОЖЖЕВОЕ ПП,01.030.0127.0861,01.030.0127,7
ПЕКАРНЯ ПРОМ.ПР-ВА ХЛЕБ,01.030.0128,01.030,7
"БАТОНЫ, БАГЕТЫ ПП",01.030.0128.0042,01.030.0128,7
ЛЕПЕШКИ ПРОМ.ПРОИЗВОДСТВА,01.030.0128.0414,01.030.0128,7
СУХАРИ,01.030.0128.0822,01.030.0128,7
ХЛЕБ ПШЕНИЧНЫЙ ПП,01.030.0128.0910,01.030.0128,7
ХЛЕБ ПШЕНИЧНЫЙ С ДОБАВКАМИ ПП,01.030.0128.0911,01.030.0128,7
ХЛЕБ РЖАНО-ПШЕНИЧНЫЙ ПП,01.030.0128.0914,01.030.0128,7
ХЛЕБ РЖАНО-ПШЕНИЧНЫЙ С ДОБАВКАМИ ПП,01.030.0128.0915,01.030.0128,7
ХЛЕБ РЖАНОЙ ПП,01.030.0128.0912,01.030.0128,7
ХЛЕБ РЖАНОЙ С ДОБАВКАМИ ПП,01.030.0128.0913,01.030.0128,7
ЭКСКЛЮЗИВНЫЕ Х/Б ИЗДЕЛИЯ ПП,01.030.0128.0956,01.030.0128,7
ТАНДЫР,01.030.0200,01.030,7
ВЫПЕЧКА ТАНДЫР,01.030.0200.0123,01.030.0200,7
ЛЕПЕШКИ ТАНДЫР,01.030.0200.0415,01.030.0200,7
ПОЛУФАБРИКАТЫ ЗАМОРОЖЕННЫЕ,01.031,01,7
ЛЕПНЫЕ ИЗДЕЛИЯ ЗАМОРОЖЕННЫE,01.031.0088,01.031,7
ВАРЕНИКИ ЗАМОРОЖЕННЫЕ В УПАКОВКЕ,01.031.0088.0053,01.031.0088,7
ВАРЕНИКИ ЗАМОРОЖЕННЫЕ ВЕСОВЫЕ,01.031.0088.0052,01.031.0088,7
"МАНТЫ, ХИНКАЛИ, ПОЗЫ ЗАМОРОЖЕННЫЕ  В УПАКОВКЕ",01.031.0088.0437,01.031.0088,7
"МАНТЫ, ХИНКАЛИ, ПОЗЫ ЗАМОРОЖЕННЫЕ ВЕСОВЫЕ",01.031.0088.0436,01.031.0088,7
ПЕЛЬМЕНИ ЗАМОРОЖЕННЫЕ  В УПАКОВКЕ,01.031.0088.0573,01.031.0088,7
ПЕЛЬМЕНИ ЗАМОРОЖЕННЫЕ ВЕСОВЫЕ,01.031.0088.0572,01.031.0088,7
МУЧНЫЕ ИЗДЕЛИЯ ЗАМОРОЖЕННЫE,01.031.0105,01.031,7
БЛИНЫ ЗАМОРОЖЕННЫЕ,01.031.0105.0048,01.031.0105,7
ДРУГИЕ П/Ф ИЗ ТЕСТА ЗАМОРОЖЕННЫЕ,01.031.0105.0199,01.031.0105,7
ЛАЗАНЬЯ ЗАМОРОЖЕННАЯ,01.031.0105.0411,01.031.0105,7
ПИРОГИ ЗАМОРОЖЕННЫЕ,01.031.0105.0598,01.031.0105,7
ПИЦЦА ЗАМОРОЖЕННАЯ,01.031.0105.0612,01.031.0105,7
ТЕСТО ЗАМОРОЖЕННОЕ,01.031.0105.0862,01.031.0105,7
ПОЛУФАБРИКАТЫ ЗАМОРОЖЕНЫЕ,01.031.0136,01.031,7
П/Ф ДРУГИЕ ЗАМОРОЖЕННЫЕ,01.031.0136.0658,01.031.0136,7
П/Ф ИЗ МЯСА ЖИВОТНЫХ ЗАМОРОЖЕННЫЕ,01.031.0136.0659,01.031.0136,7
П/Ф ИЗ ОВОЩЕЙ ЗАМОРОЖЕННЫЕ,01.031.0136.0660,01.031.0136,7
П/Ф ИЗ ПТИЦЫ ЗАМОРОЖЕННЫЕ,01.031.0136.0661,01.031.0136,7
ПРЕСЕРВЫ,01.033,01,7
МОРСКАЯ КАПУСТА В УПАКОВКЕ,01.033.0101,01.033,7
МОРСКАЯ КАПУСТА БЕЗ ДОБАВОК,01.033.0101.0476,01.033.0101,7
МОРСКАЯ КАПУСТА С ДОБАВКАМИ,01.033.0101.0477,01.033.0101,7
ПРЕСЕРВЫ РЫБНЫЕ И МОРЕПРОДУКТЫ,01.033.0142,01.033,7
ПРЕСЕРВЫ ИЗ МОРЕПРОДУКТОВ,01.033.0142.0640,01.033.0142,7
ПРЕСЕРВЫ РЫБНЫЕ,01.033.0142.0641,01.033.0142,7
ПРОДУКТЫ ИЗ СУРИМИ В УПАКОВКЕ,01.033.0146,01.033,7
ПРОДУКТЫ ИЗ СУРИМИ,01.033.0146.0649,01.033.0146,7
ПРОДУКТЫ ДЛЯ АПЕРИТИВА,01.034,01,7
ДРУГИЕ ЗАКУСКИ,01.034.0040,01.034,7
ДРУГИЕ СНЕКИ,01.034.0040.0201,01.034.0040,7
ОРЕХИ СОЛЕНЫЕ,01.034.0118,01.034,7
ОРЕХИ СОЛЕНЫЕ ВЕСОВЫЕ,01.034.0118.0546,01.034.0118,7
ОРЕХИ СОЛЕНЫЕ ФАСОВАННЫЕ,01.034.0118.0547,01.034.0118,7
ПО ПРОДУКТЫ ДЛЯ АПЕРИТИВА,01.034.0138,01.034,7
ПО ДРУГИЕ СНЕКИ,01.034.0138.0619,01.034.0138,7
ПО ОРЕХИ ВЕСОВЫЕ,01.034.0138.0626,01.034.0138,7
ПО СУХАРИКИ ВЕСОВЫЕ,01.034.0138.0637,01.034.0138,7
ПО ЧИПСЫ ВЕСОВЫЕ,01.034.0138.0638,01.034.0138,7
СНЕКИ ИЗ РЫБЫ И МОРЕПРОДУКТОВ,01.034.0171,01.034,7
СНЕКИ ИЗ МОРЕПРОДУКТОВ В УПАКОВКЕ,01.034.0171.0760,01.034.0171,7
СНЕКИ ИЗ МОРЕПРОДУКТОВ ВЕСОВЫЕ,01.034.0171.0759,01.034.0171,7
СНЕКИ РЫБНЫЕ В УПАКОВКЕ,01.034.0171.0764,01.034.0171,7
СНЕКИ РЫБЫНЕ ВЕСОВЫЕ,01.034.0171.0765,01.034.0171,7
СУХАРИКИ,01.034.0193,01.034,7
СУХАРИКИ В УПАКОВКЕ,01.034.0193.0824,01.034.0193,7
СУХАРИКИ ВЕСОВЫЕ,01.034.0193.0823,01.034.0193,7
ЧИПСЫ,01.034.0214,01.034,7
ЧИПСЫ ДРУГИЕ,01.034.0214.0936,01.034.0214,7
ЧИПСЫ КАРТОФЕЛЬНЫЕ,01.034.0214.0937,01.034.0214,7
СВЕЖЕЕ МЯСО И ПТИЦА,01.035,01,7
МУЧНЫЕ И ЛЕПНЫЕ ИЗДЕЛИЯ ОХЛАЖДЕННЫЕ,01.035.0106,01.035,7
ЛЕПНЫЕ ИЗДЕЛИЯ ОХЛАЖДЕННЫЕ,01.035.0106.0416,01.035.0106,7
МЯСО ЖИВОТНЫХ ОХЛАЖДЕННОЕ,01.035.0109,01.035,7
БАРАНИНА В МАРИНАДЕ ОХЛАЖДЕННАЯ,01.035.0109.0732,01.035.0109,7
БАРАНИНА ПОЛУФАБРИКАТЫ КРУПНОКУСКОВЫЕ ОХЛАЖДЕННЫЕ,01.035.0109.0034,01.035.0109,7
БАРАНИНА ПОЛУФАБРИКАТЫ МЕЛКОКУСКОВЫЕ ОХЛАЖДЕННЫЕ,01.035.0109.0035,01.035.0109,7
БАРАНИНА ПОЛУФАБРИКАТЫ ПОРЦИОННЫЕ ОХЛАЖДЕННЫЕ,01.035.0109.0036,01.035.0109,7
БАРАНИНА СУБПРОДУКТЫ ОХЛАЖДЕННЫЕ,01.035.0109.0037,01.035.0109,7
ГОВЯДИНА В МАРИНАДЕ ОХЛАЖДЕННАЯ,01.035.0109.0128,01.035.0109,7
ГОВЯДИНА ПОЛУФАБРИКАТЫ КРУПНОКУСКОВЫЕ ОХЛАЖДЕННЫЕ,01.035.0109.0130,01.035.0109,7
ГОВЯДИНА ПОЛУФАБРИКАТЫ МЕЛКОКУСКОВЫЕ ОХЛАЖДЕННЫЕ,01.035.0109.0131,01.035.0109,7
ГОВЯДИНА ПОЛУФАБРИКАТЫ ПОРЦИОННЫЕ ОХЛАЖДЕННЫЕ,01.035.0109.0132,01.035.0109,7
ГОВЯДИНА ПОЛУФАБРИКАТЫ РУБЛЕНЫЕ ОХЛАЖДЕННЫЕ,01.035.0109.0133,01.035.0109,7
ГОВЯДИНА СУБПРОДУКТЫ ОХЛАЖДЕННЫЕ,01.035.0109.0135,01.035.0109,7
ГОВЯДИНА ФАРШ ОХЛАЖДЕННЫЙ,01.035.0109.0137,01.035.0109,7
ДРУГОЕ МЯСО В МАРИНАДЕ ОХЛАЖДЕННОЕ,01.035.0109.0206,01.035.0109,7
ДРУГОЕ МЯСО ПОЛУФАБРИКАТЫ КРУПНОКУСКОВЫЕ ОХЛАЖДЕННЫЕ,01.035.0109.0208,01.035.0109,7
ДРУГОЕ МЯСО ПОЛУФАБРИКАТЫ ПОРЦИОННЫЕ ОХЛАЖДЕННЫЕ,01.035.0109.0210,01.035.0109,7
ДРУГОЕ МЯСО ПОЛУФАБРИКАТЫ РУБЛЕНЫЕ ОХЛАЖДЕННЫЕ,01.035.0109.0211,01.035.0109,7
ДРУГОЕ МЯСО ТУШКИ ОХЛАЖДЕННЫЕ,01.035.0109.0214,01.035.0109,7
ДРУГОЕ МЯСО ФАРШ ОХЛАЖДЕННЫЙ,01.035.0109.0215,01.035.0109,7
СВИНИНА В МАРИНАДЕ ОХЛАЖДЕННАЯ,01.035.0109.0721,01.035.0109,7
СВИНИНА ПОЛУФАБРИКАТЫ КРУПНОКУСКОВЫЕ ОХЛАЖДЕННЫЕ,01.035.0109.0723,01.035.0109,7
СВИНИНА ПОЛУФАБРИКАТЫ МЕЛКОКУСКОВЫЕ ОХЛАЖДЕННЫЕ,01.035.0109.0725,01.035.0109,7
СВИНИНА ПОЛУФАБРИКАТЫ ПОРЦИОННЫЕ ОХЛАЖДЕННЫЕ,01.035.0109.0726,01.035.0109,7
СВИНИНА ПОЛУФАБРИКАТЫ РУБЛЕНЫЕ ОХЛАЖДЕННЫЕ,01.035.0109.0727,01.035.0109,7
СВИНИНА СУБПРОДУКТЫ ОХЛАЖДЕННЫЕ,01.035.0109.0729,01.035.0109,7
СВИНИНА ФАРШ ОХЛАЖДЕННЫЙ,01.035.0109.0731,01.035.0109,7
МЯСО ПТИЦЫ ОХЛАЖДЕННОЕ,01.035.0111,01.035,7
ДРУГАЯ ПТИЦА РАЗДЕЛКА ОХЛАЖДЕННАЯ,01.035.0111.0182,01.035.0111,7
ДРУГАЯ ПТИЦА СУБПРОДУКТЫ ОХЛАЖДЕННЫЕ,01.035.0111.0184,01.035.0111,7
ДРУГАЯ ПТИЦА ТУШКА ОХЛАЖДЕННАЯ,01.035.0111.0186,01.035.0111,7
ИНДЕЙКА МЯСО В МАРИНАДЕ ОХЛАЖДЕННОЕ,01.035.0111.0409,01.035.0111,7
ИНДЕЙКА ПОЛУФАБРИКАТЫ ОХЛАЖДЕННЫЕ,01.035.0111.0265,01.035.0111,7
ИНДЕЙКА РАЗДЕЛКА ОХЛАЖДЕННАЯ,01.035.0111.0267,01.035.0111,7
ИНДЕЙКА СУБПРОДУКТЫ ОХЛАЖДЕННЫЕ,01.035.0111.0269,01.035.0111,7
ИНДЕЙКА ТУШКА ОХЛАЖДЕННАЯ,01.035.0111.0271,01.035.0111,7
ИНДЕЙКА ФАРШ ОХЛАЖДЕННЫЙ,01.035.0111.0273,01.035.0111,7
КУРЫ МЯСО В МАРИНАДЕ ОХЛАЖДЕННОЕ,01.035.0111.0399,01.035.0111,7
КУРЫ ПОЛУФАБРИКАТЫ ОХЛАЖДЕННЫЕ,01.035.0111.0400,01.035.0111,7
КУРЫ РАЗДЕЛКА ОХЛАЖДЕННАЯ,01.035.0111.0402,01.035.0111,7
КУРЫ СУБПРОДУКТЫ ОХЛАЖДЕННЫЕ,01.035.0111.0404,01.035.0111,7
КУРЫ ТУШКА ОХЛАЖДЕННАЯ,01.035.0111.0406,01.035.0111,7
КУРЫ ФАРШ ОХЛАЖДЕННЫЙ,01.035.0111.0408,01.035.0111,7
"СНЕКИ, ТОВАРЫ ДЛЯ ЗАВТРАКА",01.036,01,7
СНЕКИ,01.036.0170,01.036,7
КУКУРУЗНЫЕ ПАЛОЧКИ,01.036.0170.0395,01.036.0170,7
ПОП-КОРН,01.036.0170.0627,01.036.0170,7
ТОВАР ДЛЯ ЗАВТРАКА,01.036.0202,01.036,7
МЮСЛИ,01.036.0202.0494,01.036.0202,7
СУХИЕ ЗАВТРАКИ ДЛЯ ДЕТЕЙ И ВЗРОСЛЫХ,01.036.0202.0827,01.036.0202,7
"ХЛЕБЦЫ, СЛАЙСЫ",01.036.0202.0916,01.036.0202,7
СОПУТСТВУЮЩИЕ ТОВАРЫ,01.037,01,7
АПТЕКА_,01.037.0010,01.037,7
ПАРАФАРМАЦЕВТИЧЕСКИЕ СРЕДСТВА ГИГИЕНЫ И КОСМЕТИКИ,01.037.0010.0562,01.037.0010,7
"КУПОНЫ, КАРТЫ",01.037.0087,01.037,7
КАРТЫ СУПРА,01.037.0087.0293,01.037.0087,7
"КУПОНЫ, СКИДКИ",01.037.0087.0397,01.037.0087,7
"ПАКЕТЫ, УПАКОВОЧНЫЕ МАТЕРИАЛЫ",01.037.0120,01.037,7
ПАКЕТЫ,01.037.0120.0560,01.037.0120,7
РАСХОДНЫЕ МАТЕРИАЛЫ БЕСПЛАТНЫЕ,01.037.0120.0675,01.037.0120,7
ПЛАСТИКОВЫЕ КАРТЫ,01.037.0132,01.037,7
КАРТЫ АВАНСОВЫХ ПЛАТЕЖЕЙ,01.037.0132.0292,01.037.0132,7
"ПРЕЗЕРВАТИВЫ, ТЕСТЫ, ГЕЛЬ ДЛЯ РУК",01.037.0141,01.037,7
АРОМАТИЗАТОРЫ,01.037.0141.0019,01.037.0141,7
ГЕЛЬ ДЛЯ РУК,01.037.0141.0125,01.037.0141,7
ПРЕЗЕРВАТИВЫ,01.037.0141.0639,01.037.0141,7
ТЕСТЫ,01.037.0141.0863,01.037.0141,7
СОУСЫ КЕТЧУПЫ МАЙОНЕЗЫ,01.038,01,7
"КЕТЧУПЫ, МАРИНАДЫ",01.038.0060,01.038,7
КЕТЧУПЫ,01.038.0060.0867,01.038.0060,7
МАРИНАДЫ,01.038.0060.0439,01.038.0060,7
ТОМАТНАЯ ПАСТА,01.038.0060.0866,01.038.0060,7
МАЙОНЕЗЫ,01.038.0090,01.038,7
МАЙОНЕЗНЫЕ СОУСЫ ХОЛОДНЫЕ,01.038.0090.0421,01.038.0090,7
МАЙОНЕЗЫ КЛАССИЧЕСКИЕ,01.038.0090.0422,01.038.0090,7
МАЙОНЕЗЫ ЛЕГКИЕ,01.038.0090.0423,01.038.0090,7
МАЙОНЕЗЫ НА ПЕРЕПЕЛИННЫХ ЯЙЦАХ,01.038.0090.0424,01.038.0090,7
МАЙОНЕЗЫ ОЛИВКОВЫЕ,01.038.0090.0425,01.038.0090,7
МАЙОНЕЗЫ С ДОБАВКАМИ,01.038.0090.0426,01.038.0090,7
МАЙОНЕЗЫ С ЛИМОННЫМ СОКОМ,01.038.0090.0427,01.038.0090,7
СОУСЫ,01.038.0175,01.038,7
ГОРЧИЦА,01.038.0175.0139,01.038.0175,7
СОУСЫ ДРУГИЕ,01.038.0175.0782,01.038.0175,7
ХРЕН,01.038.0175.0922,01.038.0175,7
СЫРЫ,01.039,01,7
СЫРЫ ВЕСОВЫЕ,01.039.0197,01.039,7
СЫРЫ ВЕСОВЫЕ КОЛБАСНЫЕ,01.039.0197.0836,01.039.0197,7
СЫРЫ ВЕСОВЫЕ ПОЛУТВЕРДЫЕ,01.039.0197.0837,01.039.0197,7
СЫРЫ ВЕСОВЫЕ РАССОЛЬНЫЕ И СВЕЖИЕ,01.039.0197.0838,01.039.0197,7
СЫРЫ ВЕСОВЫЕ С ПЛЕСЕНЬЮ,01.039.0197.0839,01.039.0197,7
СЫРЫ ВЕСОВЫЕ ТВЕРДЫЕ,01.039.0197.0840,01.039.0197,7
СЫРЫ УПАКОВАННЫЕ,01.039.0198,01.039,7
СЫРЫ В УПАКОВКЕ К ПИВУ,01.039.0198.0842,01.039.0198,7
СЫРЫ В УПАКОВКЕ КОЛБАСНЫЕ,01.039.0198.0841,01.039.0198,7
"СЫРЫ В УПАКОВКЕ МЯГКИЕ (СЛИВОЧНЫЕ, ТВОРОЖНЫЕ)",01.039.0198.0843,01.039.0198,7
СЫРЫ В УПАКОВКЕ ПЛАВЛЕНЫЕ,01.039.0198.0844,01.039.0198,7
СЫРЫ В УПАКОВКЕ ПОЛУТВЕРДЫЕ,01.039.0198.0845,01.039.0198,7
СЫРЫ В УПАКОВКЕ РАССОЛЬНЫЕ И СВЕЖИЕ,01.039.0198.0846,01.039.0198,7
СЫРЫ В УПАКОВКЕ РАСТИТЕЛЬНЫЕ,01.039.0198.0847,01.039.0198,7
СЫРЫ В УПАКОВКЕ С ПЛЕСЕНЬЮ,01.039.0198.0848,01.039.0198,7
СЫРЫ В УПАКОВКЕ ТВЕРДЫЕ,01.039.0198.0849,01.039.0198,7
СЫРЫ В УПАКОВКЕ ТЕРТЫЕ,01.039.0198.0850,01.039.0198,7
ТАБАЧНЫЕ ИЗДЕЛИЯ,01.040,01,7
АКСЕССУАРЫ ТАБАЧНЫЕ,01.040.0006,01.040,7
ЗАЖИГАЛКИ,01.040.0006.0228,01.040.0006,7
СИГАРЕТЫ,01.040.0165,01.040,7
СИГАРЕТЫ JTI,01.040.0165.0735,01.040.0165,7
СИГАРЕТЫ PHILLIP MORRIS,01.040.0165.0736,01.040.0165,7
СИГАРЕТЫ REEMTSMA,01.040.0165.0737,01.040.0165,7
СИГАРЕТЫ В.А.Т.,01.040.0165.0738,01.040.0165,7
СИГАРЕТЫ ОТК,01.040.0165.0739,01.040.0165,7
ТАБАЧНЫЕ ИЗДЕЛИЯ ДРУГИЕ,01.040.0199,01.040,7
СИГАРИЛЛЫ,01.040.0199.0740,01.040.0199,7
СИГАРЫ,01.040.0199.0741,01.040.0199,7
ТАБАК,01.040.0199.0851,01.040.0199,7
ЭЛЕКТРОННЫЕ СРЕДСТВА ПОДАЧИ НИКОТИНА,01.040.0221,01.040,7
ЭЛЕКТРОННЫЕ СИГАРЕТЫ,01.040.0221.0959,01.040.0221,7
ТОВАРЫ ДЛЯ ЖИВОТНЫХ,01.041,01,7
ДРУГИЕ ТОВАРЫ ДЛЯ ЖИВОТНЫХ,01.041.0042,01.041,7
АКСЕССУАРЫ ДЛЯ ЖИВОТНЫХ,01.041.0042.0010,01.041.0042,7
ВИТАМИНЫ,01.041.0042.0102,01.041.0042,7
ГИГИЕНИЧЕСКИЕ НАПОЛНИТЕЛИ,01.041.0042.0127,01.041.0042,7
КОРМ ДЛЯ КОШЕК,01.041.0081,01.041,7
ДРУГИЕ ПРОДУКТЫ ДЛЯ КОШЕК,01.041.0081.0197,01.041.0081,7
КОРМА ДЛЯ КОШЕК КОНСЕРВИРОВАННЫЕ,01.041.0081.0357,01.041.0081,7
КОРМА ДЛЯ КОШЕК СУХИЕ,01.041.0081.0358,01.041.0081,7
КОРМ ДЛЯ СОБАК,01.041.0082,01.041,7
ДРУГИЕ ПРОДУКТЫ ДЛЯ СОБАК,01.041.0082.0198,01.041.0082,7
КОРМА ДЛЯ СОБАК КОНСЕРВИРОВАННЫЕ,01.041.0082.0359,01.041.0082,7
КОРМА ДЛЯ СОБАК СУХИЕ,01.041.0082.0360,01.041.0082,7
КОРМА ДЛЯ ПРОЧИХ ЖИВОТНЫХ,01.041.0080,01.041,7
КОРМ ДЛЯ ГРЫЗУНОВ,01.041.0080.0361,01.041.0080,7
КОРМ ДЛЯ ПТИЦ,01.041.0080.0362,01.041.0080,7
КОРМ ДЛЯ РЫБ,01.041.0080.0363,01.041.0080,7
ФРУКТЫ И ОВОЩИ,01.042,01,7
ГРИБЫ,01.042.0030,01.042,7
ГРИБЫ СВЕЖИЕ,01.042.0030.0144,01.042.0030,7
ГРИБЫ СУШЕНЫЕ,01.042.0030.0145,01.042.0030,7
"ЗЕЛЕНЬ, НАБОРЫ",01.042.0046,01.042,7
ЗЕЛЕНЬ В ГОРШОЧКАХ,01.042.0046.0236,01.042.0046,7
ЗЕЛЕНЬ СРЕЗКА,01.042.0046.0237,01.042.0046,7
ОВОЩНЫЕ НАБОРЫ,01.042.0046.0535,01.042.0046,7
САЛАТЫ,01.042.0046.0705,01.042.0046,7
ЗЕРНА ПРОРОЩЕННЫЕ,01.042.0047,01.042,7
ЗЕРНА ПРОРОЩЕННЫЕ 1,01.042.0047.0238,01.042.0047,7
ОВОЩИ,01.042.0114,01.042,7
КОРНЕПЛОДЫ ВЕСОВЫЕ,01.042.0114.0363,01.042.0114,7
КОРНЕПЛОДЫ ШТУЧНЫЕ,01.042.0114.0364,01.042.0114,7
ОВОЩИ ВЕСОВЫЕ,01.042.0114.0531,01.042.0114,7
ОВОЩИ ШТУЧНЫЕ,01.042.0114.0534,01.042.0114,7
ЭКЗОТИЧЕСКИЕ ОВОЩИ,01.042.0114.0955,01.042.0114,7
СУХОФРУКТЫ-ОСТРОВ,01.042.0196,01.042,7
НАБОРЫ-ОСТРОВ,01.042.0196.0514,01.042.0196,7
ОРЕХИ-ОСТРОВ,01.042.0196.0545,01.042.0196,7
СПЕЦИИ-ОСТРОВ,01.042.0196.0783,01.042.0196,7
СУХОФРУКТЫ-ОСТРОВ 1,01.042.0196.0832,01.042.0196,7
ЦУКАТЫ-ОСТРОВ,01.042.0196.0925,01.042.0196,7
ФРУКТЫ,01.042.0208,01.042,7
ФРУКТЫ КОСТОЧКОВЫЕ,01.042.0208.0903,01.042.0208,7
ФРУКТЫ СЕМЕЧКОВЫЕ,01.042.0208.0904,01.042.0208,7
ФРУКТЫ СУБТРОПИЧЕСКИЕ,01.042.0208.0905,01.042.0208,7
ФРУКТЫ ТРОПИЧЕСКИЕ,01.042.0208.0906,01.042.0208,7
ФРУКТЫ ЦИТРУСОВЫЕ,01.042.0208.0907,01.042.0208,7
ЦВЕТЫ,01.042.0212,01.042,7
ЦВЕТЫ В ГОРШОЧКЕ,01.042.0212.0923,01.042.0212,7
ЦВЕТЫ СРЕЗКА,01.042.0212.0924,01.042.0212,7
ЯГОДЫ,01.042.0224,01.042,7
ЯГОДЫ СВЕЖИЕ,01.042.0224.0963,01.042.0224,7
ЧАЙ КОФЕ КАКАО,01.043,01,7
ДРУГИЕ НАПИТКИ,01.043.0041,01.043,7
ДРУГИЕ НАПИТКИ ГОРЯЧИЕ,01.043.0041.0196,01.043.0041,7
КАКАО,01.043.0057,01.043,7
КАКАО ДРУГОЕ,01.043.0057.0281,01.043.0057,7
КАКАО НАПИТОК,01.043.0057.0282,01.043.0057,7
КАКАО ПОРОШОК,01.043.0057.0283,01.043.0057,7
КОФЕ,01.043.0083,01.043,7
ДРУГОЙ КОФЕ,01.043.0083.0217,01.043.0083,7
КОФЕ ЗЕРНОВОЙ,01.043.0083.0369,01.043.0083,7
КОФЕ МОЛОТЫЙ,01.043.0083.0372,01.043.0083,7
КОФЕ РАСТВОРИМЫЙ,01.043.0083.0373,01.043.0083,7
КОФЕЙНЫЕ НАПИТКИ,01.043.0083.0370,01.043.0083,7
ПОРЦИОННЫЕ НАПИТКИ,01.043.0139,01.043,7
ПОРЦИОННЫЕ НАПИТКИ КАКАО,01.043.0139.0629,01.043.0139,7
ПОРЦИОННЫЕ НАПИТКИ КОФЕ,01.043.0139.0630,01.043.0139,7
ПОРЦИОННЫЕ НАПИТКИ ЧАЙ,01.043.0139.0631,01.043.0139,7
ЧАЙ,01.043.0213,01.043,7
"ЧАИ ЛИСТОВОЙ ТРАВЯНЫЕ, ФРУКТОВЫЕ СМЕСИ",01.043.0213.0926,01.043.0213,7
"ЧАИ ПАКЕТИРОВАННЫЙ ТРАВЯНЫЕ, ФРУКТОВЫЕ СМЕСИ",01.043.0213.0927,01.043.0213,7
"ЧАЙ В ПОДАРОЧНОЙ УПАКОВКЕ, НАБОРЫ",01.043.0213.0928,01.043.0213,7
ЧАЙ ЛИСТОВОЙ ЗЕЛЕНЫЙ,01.043.0213.0929,01.043.0213,7
ЧАЙ ЛИСТОВОЙ ЧЕРНЫЙ,01.043.0213.0930,01.043.0213,7
ЧАЙ ПАКЕТИРОВАННЫЙ ЗЕЛЕНЫЙ,01.043.0213.0932,01.043.0213,7
ЧАЙ ПАКЕТИРОВАННЫЙ ЧЕРНЫЙ,01.043.0213.0933,01.043.0213,7
ЧАЙ РАСТВОРИМЫЙ,01.043.0213.0934,01.043.0213,7
ЯЙЦО,01.044,01,7
ЯЙЦО 1,01.044.0225,01.044,7
ЯЙЦО КУРИНОЕ ВАЛОВОЕ,01.044.0225.0965,01.044.0225,7
ЯЙЦО КУРИНОЕ УПАКОВАННОЕ,01.044.0225.0966,01.044.0225,7
ЯЙЦО ПРОЧЕЕ,01.044.0225.0967,01.044.0225,7
FOOD FMCG,02,,7
БЫТОВАЯ ХИМИЯ,02.004,02,7
ОСВЕЖИТЕЛИ ВОЗДУХА,02.004.0119,02.004,7
АРОМАТИЗАТОРЫ ВОЗДУХА БЛОК,02.004.0119.0021,02.004.0119,7
ОСВЕЖИТЕЛИ ВОЗДУХА АВТОМАТИЧЕСКИЕ,02.004.0119.0548,02.004.0119,7
ОСВЕЖИТЕЛИ ВОЗДУХА СПРЕЙ,02.004.0119.0549,02.004.0119,7
СРЕДСТВА ДЛЯ МЫТЬЯ ПОСУДЫ,02.004.0180,02.004,7
ЖИДКИЕ МОЮЩИЕ СРЕДСТВА,02.004.0180.0226,02.004.0180,7
СРЕДСТВА ДЛЯ МЫТЬЯ ПОСУДЫ ДРУГИЕ,02.004.0180.0794,02.004.0180,7
СРЕДСТВА ДЛЯ ПОСУДОМОЕЧНЫХ МАШИН,02.004.0180.0793,02.004.0180,7
СРЕДСТВА ДЛЯ СТИРКИ,02.004.0181,02.004,7
АНТИКИПИНЫ,02.004.0181.0016,02.004.0181,7
СРЕДСТВА ДЛЯ СТИРКИ ДЕТСКИЕ,02.004.0181.0797,02.004.0181,7
СРЕДСТВА ДЛЯ СТИРКИ ДРУГИЕ,02.004.0181.0798,02.004.0181,7
СРЕДСТВА ДЛЯ СТИРКИ ЖИДКИЕ,02.004.0181.0799,02.004.0181,7
СРЕДСТВА ДЛЯ СТИРКИ СПЕЦИАЛЬНЫЕ,02.004.0181.0800,02.004.0181,7
СРЕДСТВА ДЛЯ СТИРКИ СУХИЕ,02.004.0181.0801,02.004.0181,7
СРЕДСТВА ПО УХОДУ ЗА ОБУВЬЮ,02.004.0185,02.004,7
АКССЕСУАРЫ ДЛЯ ОБУВИ,02.004.0185.0013,02.004.0185,7
"ГУБКИ,ЩЕТКИ ДЛЯ УХОДА ЗА ОБУВЬЮ",02.004.0185.0147,02.004.0185,7
КРАСКА ДЛЯ УХОДА ЗА ОБУВЬЮ,02.004.0185.0374,02.004.0185,7
СПЕЦСРЕДСТВА  ДЛЯ УХОДА ЗА ОБУВЬЮ,02.004.0185.0784,02.004.0185,7
СРЕДСТВА ПО УХОДУ ЗА ТКАНЯМИ,02.004.0190,02.004,7
АНТИСТАТИКИ,02.004.0190.0017,02.004.0190,7
АРОМАТИЗАТОРЫ ДЛЯ ОДЕЖДЫ,02.004.0190.0022,02.004.0190,7
КОНДИЦИОНЕРЫ И ОПОЛАСКИВАТЕЛИ,02.004.0190.0333,02.004.0190,7
ОТБЕЛИВАТЕЛИ И ПЯТНОВЫВОДИТЕЛИ,02.004.0190.0551,02.004.0190,7
СРЕДСТВА ПО УХОДУ ЗА ДЕТСКОЙ ОДЕЖДОЙ,02.004.0190.0805,02.004.0190,7
СРЕДСТВА ПО УХОДУ ЗА ОДЕЖДОЙ ДРУГИЕ,02.004.0190.0809,02.004.0190,7
ХОЗЯЙСТВЕННОЕ МЫЛО,02.004.0190.0917,02.004.0190,7
ЧИСТЯЩИЕ СРЕДСТВА,02.004.0215,02.004,7
БЛОЧНЫЕ СРЕДСТВА ДЛЯ УНИТАЗА И В БАЧОК,02.004.0215.0049,02.004.0215,7
МОЮЩИЕ СРЕДСТВА ДЛЯ ОКОН,02.004.0215.0480,02.004.0215,7
МОЮЩИЕ СРЕДСТВА ДЛЯ ПОЛОВ,02.004.0215.0481,02.004.0215,7
СРЕДСТВА ДЛЯ ОЧИСТКИ КУХОННЫХ ПОВЕРХНОСТЕЙ,02.004.0215.0792,02.004.0215,7
СРЕДСТВА ДЛЯ ПРОЧИСТКИ ТРУБ,02.004.0215.0794,02.004.0215,7
СРЕДСТВА ДЛЯ САНТЕХНИКИ ЖИДКИЕ,02.004.0215.0795,02.004.0215,7
СРЕДСТВА ДЛЯ САНТЕХНИКИ СУХИЕ,02.004.0215.0796,02.004.0215,7
СРЕДСТВА ПО УХОДУ ЗА МЕБЕЛЬЮ И КОВРАМИ,02.004.0215.0807,02.004.0215,7
"СРЕДСТВА ПО УХОДУ ЗА ЭЛЕКТРОПЛИТАМИ, ДУХОВКАМИ, СВЧ, ХОЛОДИЛЬНИКАМИ",02.004.0215.0812,02.004.0215,7
ЧИСТЯЩИЕ СРЕДСТВА ДРУГИЕ,02.004.0215.0938,02.004.0215,7
ДЕТСКАЯ ПАРФЮМЕРИЯ И ГИГИЕНА,02.008,02,7
ДЕТСКАЯ ГИГИЕНА,02.008.0037,02.008,7
ВАТНЫЕ ПАЛОЧКИ/ДИСКИ ДЕТСКИЕ,02.008.0037.0055,02.008.0037,7
ПОДГУЗНИКИ,02.008.0037.0615,02.008.0037,7
САЛФЕТКИ,02.008.0037.0711,02.008.0037,7
"КРЕМЫ, ПРИСЫПКИ ДЕТСКИЕ",02.008.0084,02.008,7
ДРУГАЯ ДЕТСКАЯ ГИГИЕНА,02.008.0084.0180,02.008.0084,7
"КРЕМА, МАСЛА ДЕТСКИЕ",02.008.0084.0377,02.008.0084,7
ПАРФЮМЕРИЯ ДЕТСКАЯ,02.008.0122,02.008,7
КОСМЕТИКА ДЕТСКАЯ,02.008.0122.0365,02.008.0122,7
СРЕДСТВА ДЛЯ ВАННЫ/ДУША ДЕТСКИЕ,02.008.0178,02.008,7
МЫЛО ДЕТСКОЕ,02.008.0178.0490,02.008.0178,7
СРЕДСТВА ДЛЯ КУПАНИЯ ДЕТСКИЕ,02.008.0178.0790,02.008.0178,7
ШАМПУНИ ДЕТСКИЕ,02.008.0178.0941,02.008.0178,7
СРЕДСТВА ПО УХОДУ ЗА ПОЛОСТЬЮ РТА ДЕТСКИЕ,02.008.0187,02.008,7
ДРУГИЕ СРЕДСТВА ПО УХОДУ ЗА ПОЛОСТЬЮ РТА ДЕТСКИЕ,02.008.0187.0202,02.008.0187,7
ЗУБНЫЕ ПАСТЫ ДЕТСКИЕ,02.008.0187.0242,02.008.0187,7
ЗУБНЫЕ ЩЕТКИ ДЕТСКИЕ,02.008.0187.0243,02.008.0187,7
ПАРАФАРМАЦЕВТИЧЕСКИЕ ТОВАРЫ,02.028,02,7
БАДЫ,02.028.0012,02.028,7
ВИТАМИННЫЕ КОМПЛЕКСЫ,02.028.0012.0101,02.028.0012,7
СРЕДСТВА ГИГИЕНЫ И КОСМЕТИКИ,02.028.0177,02.028,7
ДИАГНОСТИКА,02.028.0177.0170,02.028.0177,7
КОСМЕТИКА ЛЕЧЕБНАЯ,02.028.0177.0366,02.028.0177,7
ПЕРВАЯ ПОМОЩЬ,02.028.0177.0575,02.028.0177,7
СРЕДСТВА ГИГИЕНЫ И КОСМЕТИКИ,02.028.0177.0787,02.028.0177,7
ПАРФЮМЕРНО-КОСМЕТИЧЕСКИЕ ТОВАРЫ,02.029,02,7
ДЕЗОДОРАНТЫ,02.029.0032,02.029,7
ДЕЗОДОРАНТЫ ЖЕНСКИЕ,02.029.0032.0148,02.029.0032,7
ДЕЗОДОРАНТЫ МУЖСКИЕ,02.029.0032.0149,02.029.0032,7
ДЕКОРАТИВНАЯ КОСМЕТИКА,02.029.0033,02.029,7
БЛЕСК ДЛЯ ГУБ,02.029.0033.0047,02.029.0033,7
ДРУГАЯ ДЕКОРАТИВНАЯ КОСМЕТИКА,02.029.0033.0179,02.029.0033,7
КАРАНДАШИ ДЛЯ БРОВЕЙ,02.029.0033.0288,02.029.0033,7
КАРАНДАШИ ДЛЯ ВЕК,02.029.0033.0289,02.029.0033,7
КАРАНДАШИ ДЛЯ ГУБ,02.029.0033.0290,02.029.0033,7
НАБОРЫ ДЕКОРАТИВНОЙ КОСМЕТИКИ УНИВЕРСАЛЬНЫЕ,02.029.0033.0509,02.029.0033,7
ПОМАДА ДЛЯ ГУБ,02.029.0033.0623,02.029.0033,7
РУМЯНА,02.029.0033.0680,02.029.0033,7
СРЕДСТВА ТОНИРУЮЩИЕ,02.029.0033.0813,02.029.0033,7
ТУШЬ ДЛЯ РЕСНИЦ,02.029.0033.0886,02.029.0033,7
МЫЛО,02.029.0107,02.029,7
МЫЛО ТУАЛЕТНОЕ  ЖИДКОЕ,02.029.0107.0491,02.029.0107,7
МЫЛО ТУАЛЕТНОЕ КУСКОВОЕ,02.029.0107.0492,02.029.0107,7
МЫЛО ХОЗЯЙСТВЕННОЕ,02.029.0107.0493,02.029.0107,7
СРЕДСТВА ДЛЯ ИНТИМНОЙ ГИГИЕНЫ,02.029.0107.0789,02.029.0107,7
ПАРФЮМЕРИЯ,02.029.0121,02.029,7
ПАРФЮМЕРИЯ ЖЕНСКАЯ,02.029.0121.0564,02.029.0121,7
ПАРФЮМЕРИЯ МУЖСКАЯ,02.029.0121.0565,02.029.0121,7
СЕЗОННАЯ ПАРФЮМЕРНО-КОСМЕТИЧЕСКАЯ ПРОДУКЦИЯ,02.029.0163,02.029,7
НАБОРЫ ПАРФЮМЕРНЫЕ ДЕТСКИЕ,02.029.0163.0515,02.029.0163,7
НАБОРЫ ПАРФЮМЕРНЫЕ ЖЕНСКИЕ,02.029.0163.0516,02.029.0163,7
НАБОРЫ ПАРФЮМЕРНЫЕ МУЖСКИЕ,02.029.0163.0517,02.029.0163,7
СРЕДСТВА ДЛЯ ВАННЫ И ДУША,02.029.0179,02.029,7
ГЕЛИ ДЛЯ ДУША,02.029.0179.0124,02.029.0179,7
"ПЕНЫ, СОЛИ ДЛЯ ВАНН",02.029.0179.0574,02.029.0179,7
СРЕДСТВА ДО И ПОСЛЕ БРИТЬЯ,02.029.0182,02.029,7
ЖЕНСКИЕ СРЕДСТВА ДО И ПОСЛЕ БРИТЬЯ,02.029.0182.0223,02.029.0182,7
МУЖСКИЕ СРЕДСТВА ДО И ПОСЛЕ БРИТЬЯ,02.029.0182.0482,02.029.0182,7
СРЕДСТВА ПО УХОДУ ЗА ВОЛОСАМИ,02.029.0183,02.029,7
СРЕДСТВА ДЛЯ ОКРАСКИ ВОЛОС,02.029.0183.0791,02.029.0183,7
СРЕДСТВА ДЛЯ УКЛАДКИ ВОЛОС,02.029.0183.0803,02.029.0183,7
"ШАМПУНИ, БАЛЬЗАМЫ, СПЕЦИАЛЬНЫЙ УХОД",02.029.0183.0940,02.029.0183,7
СРЕДСТВА ПО УХОДУ ЗА ЛИЦОМ,02.029.0184,02.029,7
БАЛЬЗАМЫ ДЛЯ ГУБ,02.029.0184.0033,02.029.0184,7
ОЧИЩЕНИЕ ЗРЕЛОЙ КОЖИ,02.029.0184.0555,02.029.0184,7
ОЧИЩЕНИЕ МОЛОДОЙ/ПРОБЛЕМНОЙ КОЖИ,02.029.0184.0556,02.029.0184,7
ОЧИЩЕНИЕ УНИВЕРСАЛЬНЫЕ СРЕДСТВА,02.029.0184.0557,02.029.0184,7
УВЛАЖНЕНИЕ ЗРЕЛОЙ КОЖИ,02.029.0184.0887,02.029.0184,7
УВЛАЖНЕНИЕ МОЛОДОЙ/ПРОБЛЕМНОЙ КОЖИ,02.029.0184.0888,02.029.0184,7
УВЛАЖНЕНИЕ УНИВЕРСАЛЬНЫЕ СРЕДСТВА,02.029.0184.0889,02.029.0184,7
СРЕДСТВА ПО УХОДУ ЗА ПОЛОСТЬЮ РТА,02.029.0186,02.029,7
ОПОЛАСКИВАТЕЛИ ДЛЯ ПОЛОСТИ РТА,02.029.0186.0540,02.029.0186,7
ПАСТЫ ЗУБНЫЕ,02.029.0186.0566,02.029.0186,7
ЩЕТКИ ЗУБНЫЕ,02.029.0186.0952,02.029.0186,7
СРЕДСТВА ПО УХОДУ ЗА РУКАМИ И НОГАМИ,02.029.0188,02.029,7
СРЕДСТВА ПО УХОДУ ЗА НОГАМИ,02.029.0188.0808,02.029.0188,7
СРЕДСТВА ПО УХОДУ ЗА РУКАМИ,02.029.0188.0810,02.029.0188,7
СРЕДСТВА ПО УХОДУ ЗА ТЕЛОМ,02.029.0189,02.029,7
СОЛНЦЕЗАЩИТНЫЕ СРЕДСТВА,02.029.0189.0775,02.029.0189,7
СРЕДСТВА ДЛЯ ДЕПИЛЯЦИИ,02.029.0189.0788,02.029.0189,7
СРЕДСТВА ДЛЯ ТЕЛА,02.029.0189.0802,02.029.0189,7
СТАНКИ БРИТВЕННЫЕ И ЛЕЗВИЯ,02.029.0191,02.029,7
СТАНКИ И ЛЕЗВИЯ ЖЕНСКИЕ,02.029.0191.0814,02.029.0191,7
СТАНКИ И ЛЕЗВИЯ МУЖСКИЕ,02.029.0191.0815,02.029.0191,7
ПРЕДМЕТЫ ГИГИЕНЫ,02.032,02,7
ЖЕНСКАЯ ГИГИЕНА,02.032.0043,02.032,7
ПРОКЛАДКИ ГИГИЕНИЧЕСКИЕ,02.032.0043.0652,02.032.0043,7
ПРОКЛАДКИ ЕЖЕДНЕВНЫЕ,02.032.0043.0653,02.032.0043,7
ТАМПОНЫ,02.032.0043.0852,02.032.0043,7
"САЛФЕТКИ, ПОЛОТЕНЦА БУМАЖНЫЕ",02.032.0160,02.032,7
ПОЛОТЕНЦА БУМАЖНЫЕ,02.032.0160.0621,02.032.0160,7
САЛФЕТКИ БУМАЖНЫЕ,02.032.0160.0712,02.032.0160,7
САЛФЕТКИ БУМАЖНЫЕ ДЕКОРАТИВНЫЕ,02.032.0160.0713,02.032.0160,7
СКАТЕРТИ БУМАЖНЫЕ,02.032.0160.0743,02.032.0160,7
ТУАЛЕТНАЯ БУМАГА,02.032.0205,02.032,7
ДРУГАЯ ТУАЛЕТНАЯ БУМАГА,02.032.0205.0189,02.032.0205,7
ТУАЛЕТНАЯ БУМАГА ДВУХСЛОЙНАЯ,02.032.0205.0882,02.032.0205,7
ТУАЛЕТНАЯ БУМАГА ОДНОСЛОЙНАЯ,02.032.0205.0883,02.032.0205,7
ТУАЛЕТНАЯ БУМАГА ТРЕХСЛОЙНАЯ,02.032.0205.0884,02.032.0205,7
УНИВЕРСАЛЬНЫЕ ГИГИЕНИЧЕСКИЕ СРЕДСТВА,02.032.0207,02.032,7
ИЗДЕЛИЯ ИЗ ВАТЫ,02.032.0207.0256,02.032.0207,7
ПЛАТКИ БУМАЖНЫЕ,02.032.0207.0614,02.032.0207,7
ПОДГУЗНИКИ ДЛЯ ВЗРОСЛЫХ,02.032.0207.0616,02.032.0207,7
САЛФЕТКИ ГИГИЕНИЧЕСКИЕ ВЛАЖНЫЕ,02.032.0207.0714,02.032.0207,7
NF,04,,7
АВТОТОВАРЫ,04.001,04,7
АВТОАКСЕССУАРЫ,04.001.0001,04.001,7
АВТОАКСЕССУАРЫ ДРУГИЕ,04.001.0001.0004,04.001.0001,7
ДЕРЖАТЕЛИ,04.001.0001.0154,04.001.0001,7
ЗАРЯДНЫЕ УСТРОЙСТВА,04.001.0001.0234,04.001.0001,7
КОВРИКИ АВТОМОБИЛЬНЫЕ,04.001.0001.0311,04.001.0001,7
ОРГАНАЙЗЕРЫ,04.001.0001.0541,04.001.0001,7
РАЗВЕТВИТЕЛИ,04.001.0001.0669,04.001.0001,7
ШТОРКИ СОЛНЦЕЗАЩИТНЫЕ,04.001.0001.0949,04.001.0001,7
АВТОАРОМАТИЗАТОРЫ,04.001.0002,04.001,7
АРОМАТИЗАТОРЫ БУМАЖНЫЕ,04.001.0002.0020,04.001.0002,7
АРОМАТИЗАТОРЫ ДРУГИЕ,04.001.0002.0023,04.001.0002,7
АРОМАТИЗАТОРЫ НА ДЕФЛЕКТОР,04.001.0002.0024,04.001.0002,7
АРОМАТИЗАТОРЫ НА ПАНЕЛЬ,04.001.0002.0025,04.001.0002,7
АРОМАТИЗАТОРЫ ПОД СИДЕНИЕ,04.001.0002.0026,04.001.0002,7
АВТОПРИБОРЫ,04.001.0003,04.001,7
АВТОПРИБОРЫ ДРУГИЕ,04.001.0003.0006,04.001.0003,7
"ВИДЕОРЕГИСТРАТОРЫ, РАДАР-ДЕТЕКТОРЫ, НАВИГАТОРЫ",04.001.0003.0665,04.001.0003,7
ЗАРЯДНЫЕ УСТРОЙСТВА ДЛЯ АКБ,04.001.0003.0235,04.001.0003,7
КОМПРЕССОРА,04.001.0003.0330,04.001.0003,7
НАСОСЫ,04.001.0003.0525,04.001.0003,7
ПОДОГРЕВ СИДЕНИЙ,04.001.0003.0618,04.001.0003,7
ПЫЛЕСОСЫ ДЛЯ АВТО,04.001.0003.0664,04.001.0003,7
АВТОПРИНАДЛЕЖНОСТИ,04.001.0004,04.001,7
АВТОИНСТРУМЕНТЫ,04.001.0004.0005,04.001.0004,7
АВТОПРИНАДЛЕЖНОСТИ ДРУГИЕ,04.001.0004.0007,04.001.0004,7
"ГУБКИ, САЛФЕТКИ",04.001.0004.0146,04.001.0004,7
ДОМКРАТЫ,04.001.0004.0172,04.001.0004,7
ЛАМПОЧКИ АВТОМОБИЛЬНЫЕ,04.001.0004.0412,04.001.0004,7
НАБОРЫ ДЛЯ АВТОМОБИЛИСТОВ,04.001.0004.0510,04.001.0004,7
ПРОВОДА ПРИКУРИВАНИЯ,04.001.0004.0647,04.001.0004,7
ТРОС БУКСИРОВОЧНЫЙ,04.001.0004.0881,04.001.0004,7
УТЕПЛИТЕЛИ ДВИГАТЕЛЯ,04.001.0004.0896,04.001.0004,7
ЩЕТКИ СТЕКЛООЧИСТИТЕЛЯ,04.001.0004.0954,04.001.0004,7
"ЩЕТКИ, СКРЕБКИ",04.001.0004.0953,04.001.0004,7
АВТОХИМИЯ И АВТОКОСМЕТИКА,04.001.0005,04.001,7
СРЕДСТВА ПО УХОДУ ЗА АВТОМОБИЛЕМ ДРУГИЕ,04.001.0005.0804,04.001.0005,7
СРЕДСТВА ПО УХОДУ ЗА ИНТЕРЬЕРОМ АВТОМОБИЛЯ,04.001.0005.0806,04.001.0005,7
СРЕДСТВА ПО УХОДУ ЗА ЭКСТЕРЬЕРОМ АВТОМОБИЛЯ,04.001.0005.0811,04.001.0005,7
ШИНЫ И АКСЕССУАРЫ,04.001.0216,04.001,7
ШИНЫ ЗИМНИЕ,04.001.0216.0943,04.001.0216,7
ЭКСПЛУАТАЦИОННЫЕ ЖИДКОСТИ,04.001.0219,04.001,7
"АНТИФРИЗЫ, ТОСОЛЫ",04.001.0219.0018,04.001.0219,7
ДРУГИЕ ЭКСПЛУАТАЦИОННЫЕ ЖИДКОСТИ,04.001.0219.0203,04.001.0219,7
ЖИДКОСТЬ БАЧКА ОМЫВАТЕЛЯ,04.001.0219.0227,04.001.0219,7
МАСЛА МОТОРНЫЕ И ТРАНСМИССИОННЫЕ,04.001.0219.0443,04.001.0219,7
"ПРИСАДКИ, ПРОМЫВКИ, ГЕРМЕТИКИ",04.001.0219.0646,04.001.0219,7
"БЫТОВАЯ ТЕХНИКА, ЭЛЕКТРОНИКА, КОМПЬЮТЕРЫ",04.003,04,7
АУДИО И ВИДЕО ТОВАРЫ,04.003.0011,04.003,7
АУДИО И ВИДЕО ТОВАРЫ АКСЕССУАРЫ,04.003.0011.0029,04.003.0011,7
АУДИО-ВИДЕО ТОВАРЫ ДРУГИЕ,04.003.0011.0028,04.003.0011,7
АУДИОТЕХНИКА ДЛЯ ДОМА,04.003.0011.0030,04.003.0011,7
БЫТОВАЯ ТЕХНИКА ДЛЯ ДОМА,04.003.0014,04.003,7
ВЕНТИЛЯТОРЫ,04.003.0014.0060,04.003.0014,7
ДРУГАЯ БЫТОВАЯ ТЕХНИКА ДЛЯ ДОМА,04.003.0014.0177,04.003.0014,7
ОБОГРЕВАТЕЛИ,04.003.0014.0530,04.003.0014,7
ОЧИСТИТЕЛИ И УВЛАЖНИТЕЛИ ВОЗДУХА,04.003.0014.0554,04.003.0014,7
ПЫЛЕСОСЫ,04.003.0014.0663,04.003.0014,7
УТЮГИ,04.003.0014.0897,04.003.0014,7
БЫТОВАЯ ТЕХНИКА ДЛЯ КРАСОТЫ И УХОДА,04.003.0015,04.003,7
ДРУГАЯ ТЕХНИКА ДЛЯ КРАСОТЫ И УХОДА,04.003.0015.0188,04.003.0015,7
МАНИКЮРНЫЕ НАБОРЫ,04.003.0015.0435,04.003.0015,7
МАШИНКИ ДЛЯ СТРИЖКИ,04.003.0015.0454,04.003.0015,7
НАПОЛЬНЫЕ ВЕСЫ,04.003.0015.0524,04.003.0015,7
"ФЕНЫ, МУЛЬТИСТАЙЛЕРЫ, ЩИПЦЫ",04.003.0015.0899,04.003.0015,7
ЭЛЕКТРОБРИТВЫ МУЖСКИЕ,04.003.0015.0957,04.003.0015,7
ЭПИЛЯТОРЫ И ЭЛЕКТРОБРИТВЫ ЖЕНСКИЕ,04.003.0015.0961,04.003.0015,7
БЫТОВАЯ ТЕХНИКА ДЛЯ КУХНИ,04.003.0016,04.003,7
АЭРОГРИЛИ,04.003.0016.0031,04.003.0016,7
БЛЕНДЕРЫ,04.003.0016.0046,04.003.0016,7
ДРУГАЯ БЫТОВАЯ ТЕХНИКА ДЛЯ КУХНИ,04.003.0016.0178,04.003.0016,7
ЙОГУРТНИЦЫ,04.003.0016.0275,04.003.0016,7
КОФЕМОЛКИ И КОФЕВАРКИ,04.003.0016.0371,04.003.0016,7
КУХОННЫЕ ВЕСЫ,04.003.0016.0409,04.003.0016,7
КУХОННЫЕ КОМБАЙНЫ,04.003.0016.0410,04.003.0016,7
МИКСЕРЫ,04.003.0016.0460,04.003.0016,7
МУЛЬТИВАРКИ,04.003.0016.0487,04.003.0016,7
МЯСОРУБКИ,04.003.0016.0507,04.003.0016,7
ПАРОВАРКИ,04.003.0016.0563,04.003.0016,7
СВЧ ПЕЧИ,04.003.0016.0732,04.003.0016,7
СОКОВЫЖИМАЛКИ,04.003.0016.0773,04.003.0016,7
ТЕРМОПОТЫ,04.003.0016.0860,04.003.0016,7
ТОСТЕРЫ,04.003.0016.0880,04.003.0016,7
ФРИТЮРНИЦЫ,04.003.0016.0900,04.003.0016,7
ХЛЕБОПЕЧКИ,04.003.0016.0909,04.003.0016,7
ЧАЙНИКИ,04.003.0016.0931,04.003.0016,7
КОМПЬЮТЕРНАЯ ТЕХНИКА,04.003.0068,04.003,7
АККУМУЛЯТОРЫ,04.003.0068.0008,04.003.0068,7
АКСЕССУАРЫ И РАСХОДНИКИ,04.003.0068.0012,04.003.0068,7
ДРУГИЕ ЭЛЕМЕНТЫ ПИТАНИЯ,04.003.0068.0204,04.003.0068,7
КОМПЛЕКТУЮЩИЕ,04.003.0068.0329,04.003.0068,7
ПЕРЕФИРИЙНЫЕ УСТРОЙСТВА,04.003.0068.0576,04.003.0068,7
УСТРОЙСТВА ДЛЯ ЗАРЯДКИ АККУМУЛЯТОРОВ,04.003.0068.0893,04.003.0068,7
УСТРОЙСТВА ДЛЯ ХРАНЕНИЯ ИНФОРМАЦИИ,04.003.0068.0894,04.003.0068,7
"МУЗЫКА, ФИЛЬМЫ, ИГРЫ",04.003.0103,04.003,7
CD ДИСКИ,04.003.0103.0001,04.003.0103,7
DVD ДИСКИ,04.003.0103.0002,04.003.0103,7
ГАЛАНТЕРЕЯ,04.005,04,7
АКССЕСУАРЫ,04.005.0007,04.005,7
ЗОНТЫ,04.005.0007.0241,04.005.0007,7
ОЧКИ,04.005.0007.0558,04.005.0007,7
ПЕРЧАТКИ/ВАРЕЖКИ,04.005.0007.0579,04.005.0007,7
РЕМНИ,04.005.0007.0677,04.005.0007,7
"ШАРФЫ, ПАЛАНТИНЫ, ПЛАТКИ",04.005.0007.0942,04.005.0007,7
ГАЛАНТЕРЕЯ 1,04.005.0029,04.005,7
АКСЕССУАРЫ ДЛЯ ВОЛОС,04.005.0029.0009,04.005.0029,7
БИГУДИ,04.005.0029.0043,04.005.0029,7
БИЖУТЕРИЯ,04.005.0029.0044,04.005.0029,7
ЗАКОЛКИ,04.005.0029.0230,04.005.0029,7
КОСМЕТИЧКИ,04.005.0029.0368,04.005.0029,7
ПРИНАДЛЕЖНОСТИ ДЛЯ МАНИКЮРА,04.005.0029.0642,04.005.0029,7
ПРИНАДЛЕЖНОСТИ ДЛЯ ПЕДИКЮРА,04.005.0029.0643,04.005.0029,7
ПРИНАДЛЕЖНОСТИ ДЛЯ УХОДА ЗА ЛИЦОМ,04.005.0029.0644,04.005.0029,7
РАСЧЕСКИ,04.005.0029.0676,04.005.0029,7
КОЖГАЛАНТЕРЕЯ,04.005.0063,04.005,7
ДЕТСКИЕ СУМКИ,04.005.0063.0160,04.005.0063,7
ЖЕНСКИЕ СУМКИ,04.005.0063.0224,04.005.0063,7
МУЖСКИЕ СУМКИ,04.005.0063.0483,04.005.0063,7
"ПОРТМОНЕ, КОШЕЛЬКИ",04.005.0063.0628,04.005.0063,7
СЕМЕЙНЫЕ СУМКИ,04.005.0063.0733,04.005.0063,7
ИГРУШКИ,04.012,04,7
ИГРУШКИ БОЛЬШИЕ,04.012.0048,04.012,7
ДРУГИЕ БОЛЬШИЕ ИГРУШКИ,04.012.0048.0190,04.012.0048,7
"ТЕНТЫ, ДОМА, ЯЩИКИ ДЛЯ ХРАНЕНИЯ",04.012.0048.0859,04.012.0048,7
ИГРУШКИ ДЛЯ ДЕВОЧЕК,04.012.0049,04.012,7
АКСЕССУАРЫ ДЛЯ КУКОЛ,04.012.0049.0011,04.012.0049,7
"ДОМИКИ,  МЕБЕЛЬ ИГРУШЕЧНЫЕ",04.012.0049.0171,04.012.0049,7
ДРУГИЕ ИГРУШКИ ДЛЯ ДЕВОЧЕК,04.012.0049.0192,04.012.0049,7
КУКЛЫ,04.012.0049.0393,04.012.0049,7
НАБОРЫ ДЛЯ ДЕВОЧЕК,04.012.0049.0511,04.012.0049,7
УКРАШЕНИЯ ДЛЯ ДЕВОЧЕК,04.012.0049.0891,04.012.0049,7
УТВАРЬ ИГРУШЕЧНАЯ ДОМАШНЯЯ,04.012.0049.0895,04.012.0049,7
ИГРУШКИ ДЛЯ МАЛЬЧИКОВ,04.012.0050,04.012,7
ДРУГИЕ ИГРУШКИ ДЛЯ МАЛЬЧИКОВ,04.012.0050.0193,04.012.0050,7
ИГРУШЕЧНЫЕ ИНСТРУМЕНТЫ (МОЛОТКИ),04.012.0050.0244,04.012.0050,7
ИГРУШКИ ОРУЖИЕ,04.012.0050.0252,04.012.0050,7
ИГРУШКИ ТРАНСФОРМЕРЫ,04.012.0050.0253,04.012.0050,7
ИГРУШКИ-ФИГУРКИ,04.012.0050.0254,04.012.0050,7
"МЕХАНИЧЕСКИЕ ИГРУШКИ, МАШИНКИ",04.012.0050.0458,04.012.0050,7
НАБОРЫ ДЛЯ МАЛЬЧИКОВ,04.012.0050.0512,04.012.0050,7
ТЕХНИКА НА БАТАРЕЙКАХ,04.012.0050.0864,04.012.0050,7
ИГРУШКИ ЛЕТНИЕ,04.012.0051,04.012,7
ВОЗДУШНЫЕ ЗМЕИ,04.012.0051.0113,04.012.0051,7
ДРУГИЕ ЛЕТНИЕ ИГРУШКИ,04.012.0051.0195,04.012.0051,7
ИГРУШКИ ДЛЯ ПЕСКА,04.012.0051.0246,04.012.0051,7
ИГРУШКИ МЕЛКИЕ ПЛАСТИКОВЫЕ,04.012.0051.0247,04.012.0051,7
МЯЧИ ДЕТСКИЕ,04.012.0051.0508,04.012.0051,7
ИГРУШКИ МУЗЫКАЛЬНЫЕ,04.012.0052,04.012,7
ИГРУШЕЧНЫЕ МУЗЫКАЛЬНЫЕ ИНСТРУМЕНТЫ,04.012.0052.0245,04.012.0052,7
ИГРУШКИ МЯГКИЕ,04.012.0053,04.012,7
ИГРУШКИ МЯГКИЕ БОЛЬШИЕ,04.012.0053.0248,04.012.0053,7
ИГРУШКИ МЯГКИЕ МАЛЕНЬКИЕ,04.012.0053.0249,04.012.0053,7
ИГРУШКИ МЯГКИЕ МУЗЫКАЛЬНЫЕ,04.012.0053.0250,04.012.0053,7
ИГРУШКИ МЯГКИЕ СРЕДНИЕ,04.012.0053.0251,04.012.0053,7
"МОЗАИКИ, ПАЗЛЫ",04.012.0097,04.012,7
КАЛЕЙДОСКОПЫ,04.012.0097.0284,04.012.0097,7
МОЗАИКИ,04.012.0097.0461,04.012.0097,7
ПАЗЛЫ,04.012.0097.0559,04.012.0097,7
"РАЗВИВАЮЩИЕ, ОБУЧАЮЩИЕ ИГРЫ",04.012.0148,04.012,7
"ДОСКИ,АЛФАВИТЫ",04.012.0148.0173,04.012.0148,7
ДРУГИЕ РАЗВИВАЮЩИЕ ИГРУШКИ,04.012.0148.0200,04.012.0148,7
"ИГРЫ ОБУЧАЮЩИЕ, РАЗВИВАЮЩИЕ, ЛОГИЧЕСКИЕ",04.012.0148.0255,04.012.0148,7
КОНСТРУКТОРЫ [0Х030H],04.012.0148.0344,04.012.0148,7
СБОРНЫЕ МОДЕЛИ,04.012.0148.0719,04.012.0148,7
ТОВАРЫ ДЛЯ ТВОРЧЕСТВА,04.012.0148.0865,04.012.0148,7
ИНСТРУМЕНТЫ,04.013,04,7
КЛЕИ,04.013.0062,04.013,7
ГЕРМЕТИКИ,04.013.0062.0126,04.013.0062,7
КЛЕИ ДРУГИЕ,04.013.0062.0307,04.013.0062,7
КЛЕИ КЛАССИЧЕСКИЕ,04.013.0062.0308,04.013.0062,7
КЛЕИ СЕКУНДНЫЕ,04.013.0062.0309,04.013.0062,7
РУЧНОЙ ИНСТРУМЕНТ,04.013.0152,04.013,7
АБРАЗИВНО-ШЛИФОВАЛЬНЫЙ ИНСТРУМЕНТ,04.013.0152.0003,04.013.0152,7
ДРУГОЕ ИНСТРУМЕНТ,04.013.0152.0205,04.013.0152,7
ИЗМЕРИТЕЛЬНЫЙ ИНСТРУМЕНТ,04.013.0152.0258,04.013.0152,7
МАЛЯРНЫЙ ИНСТРУМЕНТ,04.013.0152.0434,04.013.0152,7
"НАБОРЫ ИНСТРУМЕНТОВ, ЯЩИКИ, ЛЕСТНИЦЫ",04.013.0152.0513,04.013.0152,7
СТОЛЯРНО-СЛЕСАРНЫЙ ИНСТРУМЕНТ,04.013.0152.0816,04.013.0152,7
УДАРНО-ЗАБИВНОЙ И СВЕРЛИЛЬНЫЙ ИНСТРУМЕНТ,04.013.0152.0890,04.013.0152,7
ШТУКАТУРНО-ОТДЕЛОЧНЫЙ ИНСТРУМЕНТ,04.013.0152.0950,04.013.0152,7
ЭЛЕКТРОИНСТРУМЕНТ,04.013.0220,04.013,7
ДРЕЛИ,04.013.0220.0175,04.013.0220,7
ДРУГОЙ ЭЛЕКТРОИНСТРУМЕНТ,04.013.0220.0218,04.013.0220,7
ОТВЕРТКИ АККУМУЛЯТОРНЫЕ,04.013.0220.0552,04.013.0220,7
ПЕРФОРАТОРЫ,04.013.0220.0578,04.013.0220,7
ШУРУПОВЕРТЫ,04.013.0220.0951,04.013.0220,7
ЭЛЕКТРОЛОБЗИКИ,04.013.0220.0958,04.013.0220,7
КАНЦЕЛЯРИЯ,04.014,04,7
КАНЦЕЛЯРСКИЕ ПРИНАДЛЕЖНОСТИ,04.014.0058,04.014,7
АЛЬБОМЫ И ПАПКИ ДЛЯ ЧЕРЧЕНИЯ,04.014.0058.0014,04.014.0058,7
АЛЬБОМЫ И ТЕТРАДИ ДЛЯ РИСОВАНИЯ,04.014.0058.0015,04.014.0058,7
БУМАГА ДЛЯ ЗАПИСЕЙ,04.014.0058.0016,04.014.0058,7
ОФИСНАЯ МЕБЕЛЬ,04.014.059,04.014,7
СТОЛЫ ОФИСНЫЕ,04.014.059.0001,04.014.059,7
"ОДЕЖДА, ОБУВЬ",04.15,04,7
НИЖНЕЕ БЕЛЬЕ ДЕТСКОЕ,04.15.001,04.15,7
ДРУГОЕ ДЕТСКОЕ БЕЛЬЕ,04.15.001.0001,04.15.001,7
СП,5,,7
ГРИЛЬ (СП),5.01,5,7
ПРОДУКЦИЯ ГРИЛЬ (СП),5.01.001,5.01,7
ПРОДУКЦИЯ ГРИЛЬ МЯСО (СП),5.01.001.0001,5.01.001,7
