cls_type_id,code,parent_code,name,color
7,01.002.0086.0297,01.002.0086,"КАШИ ДЛЯ ВАРКИ, ХЛОПЬЯ",CCCCCC
7,01.002.0086.0298,01.002.0086,КАШИ ПОРЦИОННЫЕ,CCCCCC
7,01.002.0086.0379,01.002.0086,КРУПЫ В ВАРОЧНЫХ ПАКЕТАХ,CCCCCC
7,01.002.0086.0381,01.002.0086,КРУПЫ В УПАКОВКЕ,CCCCCC
7,01.002.0086.0380,01.002.0086,КРУПЫ ВЕСОВЫЕ,CCCCCC
7,01.002.0086.0382,01.002.0086,КРУПЫ ГАРНИРЫ,CCCCCC
7,01.002.0091.0429,01.002.0091,МАКАРОННЫЕ ИЗДЕЛИЯ ВЕСОВЫЕ,CCCCCC
7,01.002.0091.0430,01.002.0091,МАКАРОННЫЕ ИЗДЕЛИЯ ДЛИННОРЕЗ,CCCCCC
7,01.002.0091.0431,01.002.0091,МАКАРОННЫЕ ИЗДЕЛИЯ ДРУГИЕ,CCCCCC
7,01.002.0091.0432,01.002.0091,МАКАРОННЫЕ ИЗДЕЛИЯ КОРОТКОРЕЗ,CCCCCC
7,01.002.0091.0433,01.002.0091,МАКАРОННЫЕ ИЗДЕЛИЯ СПЕЦФОРМАТЫ,CCCCCC
7,01.002.0104.0484,01.002.0104,МУКА ДРУГАЯ,CCCCCC
7,01.002.0104.0486,01.002.0104,МУКА ПШЕНИЧНАЯ,CCCCCC
7,01.002.0104.0489,01.002.0104,МУЧНЫЕ СМЕСИ ДЛЯ ВЫПЕЧКИ,CCCCCC
7,01.002.0144.0061,01.002.0144,ВЕРМИШЕЛЬ БП,CCCCCC
7,01.002.0144.0291,01.002.0144,КАРТОФЕЛЬНОЕ ПЮРЕ БП,CCCCCC
7,01.002.0144.0753,01.002.0144,СМЕСИ ДЛЯ ВАРКИ СУПОВ,CCCCCC
7,01.002.0144.0820,01.002.0144,СУПЫ БП,CCCCCC
7,01.002.0145.0648,01.002.0145,ПРОДУКТЫ ДЛЯ ПРИГОТОВЛЕНИЯ СУШИ,CCCCCC
7,01.002.0150.0447,01.002.0150,МАСЛО ОЛИВКОВОЕ,CCCCCC
7,01.002.0150.0448,01.002.0150,МАСЛО ПОДСОЛНЕЧНОЕ,CCCCCC
7,01.002.0150.0449,01.002.0150,МАСЛО РАСТИТЕЛЬНОЕ ПРОЧЕЕ,CCCCCC
7,01.002.0162.0715,01.002.0162,САХАР ВЕСОВОЙ,CCCCCC
7,01.002.0162.0716,01.002.0162,САХАР ДРУГОЙ,CCCCCC
7,01.002.0162.0717,01.002.0162,САХАР-ПЕСОК,CCCCCC
7,01.002.0162.0718,01.002.0162,САХАР-РАФИНАД,CCCCCC
7,01.002.0174.0776,01.002.0174,СОЛЬ ДРУГАЯ,CCCCCC
7,01.002.0174.0777,01.002.0174,СОЛЬ КАМЕННАЯ,CCCCCC
7,01.002.0174.0778,01.002.0174,СОЛЬ МОРСКАЯ,CCCCCC
7,01.002.0176.0051,01.002.0176,БУЛЬОННЫЕ КУБИКИ,CCCCCC
7,01.002.0176.0264,01.002.0176,ИНГРИДИЕНТЫ И ПРОДУКТЫ ДЛЯ ВЫПЕЧКИ,CCCCCC
7,01.002.0176.0613,01.002.0176,ПИЩЕВЫЕ КРАСИТЕЛИ,CCCCCC
7,01.002.0176.0645,01.002.0176,ПРИПРАВОЧНЫЕ СМЕСИ,CCCCCC
7,01.002.0176.0657,01.002.0176,"ПРЯНОСТИ, СУШЕНЫЕ ОВОЩИ",CCCCCC
7,01.002.0176.0747,01.002.0176,"СЛИВКИ, МОЛОКО СУХОЕ",CCCCCC
7,01.002.0176.0826,01.002.0176,СУХИЕ ДЕСЕРТЫ И НАПИТКИ,CCCCCC
7,01.002.0176.0828,01.002.0176,СУХИЕ СОУСЫ И СМЕСИ,CCCCCC
7,01.002.0176.0892,01.002.0176,УКСУС,CCCCCC
7,01.006.0020.0068,01.006.0020,ВЕТЧИНА ВЕСОВАЯ,CCCCCC
7,01.006.0020.0070,01.006.0020,ВЕТЧИНА НАРЕЗКА ШТУЧНАЯ,CCCCCC
7,01.006.0020.0071,01.006.0020,ВЕТЧИНА ШТУЧНАЯ,CCCCCC
7,01.006.0034.0150,01.006.0034,ДЕЛИКАТЕСЫ ИЗ ПТИЦЫ ДРУГИЕ ВЕС,CCCCCC
7,01.006.0034.0151,01.006.0034,ДЕЛИКАТЕСЫ ИЗ ПТИЦЫ ДРУГИЕ ШТУЧНЫЕ,CCCCCC
7,01.006.0034.0152,01.006.0034,ДЕЛИКАТЕСЫ ИЗ ПТИЦЫ ТУШКА,CCCCCC
7,01.006.0034.0153,01.006.0034,ДЕЛИКАТЕСЫ ИЗ ПТИЦЫ ЧАСТИ ВЕС,CCCCCC
7,01.006.0034.0761,01.006.0034,СНЕКИ ИЗ ПТИЦЫ ВЕСОВЫЕ,CCCCCC
7,01.006.0034.0762,01.006.0034,СНЕКИ ИЗ ПТИЦЫ ШТУЧНЫЕ,CCCCCC
7,01.006.0035.0495,01.006.0035,МЯСНЫЕ ДЕЛИКАТЕСЫ ВАРЕНО-КОПЧЕНЫЕ ВЕСОВЫЕ,CCCCCC
7,01.006.0035.0496,01.006.0035,МЯСНЫЕ ДЕЛИКАТЕСЫ ВАРЕНО-КОПЧЕНЫЕ НАРЕЗКА ВЕСОВЫЕ,CCCCCC
7,01.006.0035.0497,01.006.0035,МЯСНЫЕ ДЕЛИКАТЕСЫ ВАРЕНО-КОПЧЕНЫЕ НАРЕЗКА ШТУЧНЫЕ,CCCCCC
7,01.006.0035.0498,01.006.0035,МЯСНЫЕ ДЕЛИКАТЕСЫ ВАРЕНО-КОПЧЕНЫЕ ШТУЧНЫЕ,CCCCCC
7,01.006.0035.0499,01.006.0035,МЯСНЫЕ ДЕЛИКАТЕСЫ СЫРОВЯЛЕНЫЕ ВЕСОВЫЕ,CCCCCC
7,01.006.0035.0500,01.006.0035,МЯСНЫЕ ДЕЛИКАТЕСЫ СЫРОВЯЛЕНЫЕ НАРЕЗКА ВЕС,CCCCCC
7,01.006.0035.0501,01.006.0035,МЯСНЫЕ ДЕЛИКАТЕСЫ СЫРОВЯЛЕНЫЕ НАРЕЗКА ШТУЧНЫЕ,CCCCCC
7,01.006.0035.0502,01.006.0035,МЯСНЫЕ ДЕЛИКАТЕСЫ СЫРОВЯЛЕНЫЕ ШТУЧНЫЕ,CCCCCC
7,01.006.0035.0503,01.006.0035,МЯСНЫЕ ДЕЛИКАТЕСЫ СЫРОКОПЧЕНЫЕ ВЕСОВЫЕ,CCCCCC
7,01.006.0035.0504,01.006.0035,МЯСНЫЕ ДЕЛИКАТЕСЫ СЫРОКОПЧЕНЫЕ НАРЕЗКА ВЕС,CCCCCC
7,01.006.0035.0505,01.006.0035,МЯСНЫЕ ДЕЛИКАТЕСЫ СЫРОКОПЧЕНЫЕ НАРЕЗКА ШТУЧНЫЕ,CCCCCC
7,01.006.0035.0506,01.006.0035,МЯСНЫЕ ДЕЛИКАТЕСЫ СЫРОКОПЧЕНЫЕ ШТУЧНЫЕ,CCCCCC
7,01.006.0035.0766,01.006.0035,СНЕКИ ШТУЧНЫЕ,CCCCCC
7,01.006.0064.0314,01.006.0064,КОЛБАСЫ ВАРЕНЫЕ ВЕСОВАЯ,CCCCCC
7,01.006.0064.0315,01.006.0064,КОЛБАСЫ ВАРЕНЫЕ НАРЕЗКА ВЕСОВАЯ,CCCCCC
7,01.006.0064.0316,01.006.0064,КОЛБАСЫ ВАРЕНЫЕ НАРЕЗКА ШТУЧНАЯ,CCCCCC
7,01.006.0064.0317,01.006.0064,КОЛБАСЫ ВАРЕНЫЕ ШТУЧНАЯ,CCCCCC
7,01.006.0065.0318,01.006.0065,КОЛБАСЫ КОПЧЕНЫЕ ВЕСОВЫЕ,CCCCCC
7,01.006.0065.0319,01.006.0065,КОЛБАСЫ КОПЧЕНЫЕ НАРЕЗКА ВЕСОВАЯ,CCCCCC
7,01.006.0065.0320,01.006.0065,КОЛБАСЫ КОПЧЕНЫЕ НАРЕЗКА ШТУЧНАЯ,CCCCCC
7,01.006.0065.0321,01.006.0065,КОЛБАСЫ КОПЧЕНЫЕ ШТУЧНЫЕ,CCCCCC
7,01.006.0066.0322,01.006.0066,КОЛБАСЫ СЫРОВЯЛЕННЫЕ ВЕС,CCCCCC
7,01.006.0066.0325,01.006.0066,КОЛБАСЫ СЫРОВЯЛЕННЫЕ НАРЕЗКА ВЕС,CCCCCC
7,01.006.0066.0323,01.006.0066,КОЛБАСЫ СЫРОВЯЛЕННЫЕ НАРЕЗКА ШТУЧНАЯ,CCCCCC
7,01.006.0066.0324,01.006.0066,КОЛБАСЫ СЫРОВЯЛЕННЫЕ ШТУЧНЫЕ,CCCCCC
7,01.006.0067.0325,01.006.0067,КОЛБАСЫ СЫРОКОПЧЕНЫЕ ВЕС,CCCCCC
7,01.006.0067.0326,01.006.0067,КОЛБАСЫ СЫРОКОПЧЕНЫЕ НАРЕЗКА ВЕС,CCCCCC
7,01.006.0067.0327,01.006.0067,КОЛБАСЫ СЫРОКОПЧЕНЫЕ НАРЕЗКА ШТУЧНАЯ,CCCCCC
7,01.006.0067.0328,01.006.0067,КОЛБАСЫ СЫРОКОПЧЕНЫЕ ШТУЧНЫЕ,CCCCCC
7,01.006.0123.0567,01.006.0123,ПАШТЕТЫ ВЕС,CCCCCC
7,01.006.0123.0571,01.006.0123,ПАШТЕТЫ ШТУЧНЫЕ,CCCCCC
7,01.006.0133.0620,01.006.0133,ПО КОЛБАСЫ СЫРОКОПЧЕНЫЕ ВЕС,CCCCCC
7,01.006.0133.0635,01.006.0133,ПО СНЕКИ ВЕСОВЫЕ,CCCCCC
7,01.006.0133.0636,01.006.0133,ПО СНЕКИ ШТУЧНЫЕ,CCCCCC
7,01.006.0159.0708,01.006.0159,САЛО ВЕСОВОЕ,CCCCCC
7,01.006.0159.0709,01.006.0159,САЛО КОПЧЕНОЕ ПРОМ.ПР-ВО,CCCCCC
7,01.006.0159.0710,01.006.0159,САЛО СОЛЕНОЕ ПРОМ.ПР-ВО,CCCCCC
7,01.006.0161.0780,01.006.0161,"СОСИСКИ, САРДЕЛЬКИ, ШПИКАЧИКИ ВЕСОВАЯ",CCCCCC
7,01.006.0161.0781,01.006.0161,"СОСИСКИ, САРДЕЛЬКИ, ШПИКАЧИКИ ШТУЧНАЯ",CCCCCC
7,01.006.0211.0920,01.006.0211,"ХОЛОДЦЫ, ЗАЛИВНОЕ ВЕС",CCCCCC
7,01.006.0211.0921,01.006.0211,"ХОЛОДЦЫ, ЗАЛИВНОЕ ШТУЧНЫЕ",CCCCCC
7,01.007.0054.0259,01.007.0054,ИКРА ЛОСОСЕВЫХ ВИДОВ РЫБ,CCCCCC
7,01.007.0054.0260,01.007.0054,ИКРА ЛОСОСЕВЫХ ВИДОВ РЫБ ВЕСОВАЯ,CCCCCC
7,01.007.0054.0262,01.007.0054,ИКРА ОСЕТРОВЫХ РЫБ,CCCCCC
7,01.007.0054.0263,01.007.0054,ИКРА ПРОЧИХ ВИДОВ РЫБ,CCCCCC
7,01.007.0093.0444,01.007.0093,МАСЛА РЫБНЫЕ В УПАКОВКЕ,CCCCCC
7,01.007.0124.0569,01.007.0124,ПАШТЕТЫ ИЗ РЫБЫ В УПАКОВКЕ 1,CCCCCC
7,01.007.0134.0632,01.007.0134,ПО РЫБА ВЯЛЕНАЯ ВЕСОВАЯ,CCCCCC
7,01.007.0134.0633,01.007.0134,ПО РЫБА ГОРЯЧЕГО КОПЧЕНИЯ ВЕС,CCCCCC
7,01.007.0134.0634,01.007.0134,ПО РЫБА ХОЛОДНОГО КОПЧЕНИЯ ВЕС,CCCCCC
7,01.007.0153.0682,01.007.0153,РЫБА ВЯЛЕНАЯ В УПАКОВКЕ (В КИЛОГРАММАХ),CCCCCC
7,01.007.0153.0683,01.007.0153,РЫБА ВЯЛЕНАЯ В УПАКОВКЕ (В ШТУКАХ),CCCCCC
7,01.007.0153.0681,01.007.0153,РЫБА ВЯЛЕНАЯ ВЕСОВАЯ,CCCCCC
7,01.007.0154.0686,01.007.0154,РЫБА ГОРЯЧЕГО КОПЧЕНИЯ В УПАКОВКЕ (В ШТУКАХ),CCCCCC
7,01.007.0154.0684,01.007.0154,РЫБА ГОРЯЧЕГО КОПЧЕНИЯ ВЕСОВАЯ,CCCCCC
7,01.007.0156.0699,01.007.0156,РЫБА СОЛЕНАЯ В УПАКОВКЕ (В КИЛОГРАММАХ),CCCCCC
7,01.007.0156.0700,01.007.0156,РЫБА СОЛЕНАЯ В УПАКОВКЕ (В ШТУКАХ),CCCCCC
7,01.007.0156.0698,01.007.0156,РЫБА СОЛЕНАЯ ВЕСОВАЯ,CCCCCC
7,01.007.0157.0702,01.007.0157,РЫБА ХОЛОДНОГО КОПЧЕНИЯ В УПАКОВКЕ (В КИЛОГРАММАХ),CCCCCC
7,01.007.0157.0703,01.007.0157,РЫБА ХОЛОДНОГО КОПЧЕНИЯ В УПАКОВКЕ (В ШТУКАХ),CCCCCC
7,01.007.0157.0701,01.007.0157,РЫБА ХОЛОДНОГО КОПЧЕНИЯ ВЕСОВАЯ,CCCCCC
7,01.009.0045.0752,01.009.0045,СМЕСИ БЕЗМОЛОЧНЫЕ,CCCCCC
7,01.009.0045.0754,01.009.0045,СМЕСИ МОЛОЧНЫЕ,CCCCCC
7,01.009.0059.0294,01.009.0059,КАШИ ДЕТСКИЕ БЕЗМОЛОЧНЫЕ СУХИЕ,CCCCCC
7,01.009.0059.0296,01.009.0059,КАШИ ДЕТСКИЕ МОЛОЧНЫЕ СУХИЕ,CCCCCC
7,01.009.0059.0821,01.009.0059,СУПЫ ДЕТСКИЕ,CCCCCC
7,01.009.0076.0665,01.009.0076,ПЮРЕ МЯСНОЕ,CCCCCC
7,01.009.0076.0666,01.009.0076,ПЮРЕ ОВОЩНОЕ,CCCCCC
7,01.009.0076.0667,01.009.0076,ПЮРЕ РЫБНОЕ,CCCCCC
7,01.009.0076.0668,01.009.0076,ПЮРЕ ФРУКТОВОЕ,CCCCCC
7,01.009.0094.0445,01.009.0094,МАСЛО ДЕТСКОЕ 1,CCCCCC
7,01.009.0112.0519,01.009.0112,НАПИТКИ ДЕТСКИЕ ВОДА,CCCCCC
7,01.009.0112.0520,01.009.0112,НАПИТКИ ДЕТСКИЕ СОКИ,CCCCCC
7,01.009.0112.0521,01.009.0112,НАПИТКИ ДЕТСКИЕ ЧАЙ,CCCCCC
7,01.009.0130.0039,01.009.0130,БАТОНЧИКИ ДЕТСКИЕ,CCCCCC
7,01.009.0130.0581,01.009.0130,ПЕЧЕНЬЕ ДЕТСКОЕ,CCCCCC
7,01.010.0100.0140,01.010.0100,ГРЕБЕШКИ ЗАМОРОЖЕННЫЕ,CCCCCC
7,01.010.0100.0191,01.010.0100,ДРУГИЕ ДЕЛИКАТЕСЫ ЗАМОРОЖЕННЫЕ,CCCCCC
7,01.010.0100.0257,01.010.0100,ИЗДЕЛИЯ ИЗ СУРИМИ ЗАМОРОЖЕННЫЕ,CCCCCC
7,01.010.0100.0285,01.010.0100,КАЛЬМАРЫ ЗАМОРОЖЕННЫЕ,CCCCCC
7,01.010.0100.0286,01.010.0100,КАРАКАТИЦА ВЕСОВАЯ,CCCCCC
7,01.010.0100.0375,01.010.0100,КРЕВЕТКИ ЗАМОРОЖЕННЫЕ,CCCCCC
7,01.010.0100.0459,01.010.0100,МИДИИ ЗАМОРОЖЕННЫЕ,CCCCCC
7,01.010.0100.0478,01.010.0100,МОРСКОЙ КОКТЕЙЛЬ ВЕСОВОЙ,CCCCCC
7,01.010.0100.0550,01.010.0100,ОСЬМИНОГИ ЗАМОРОЖЕННЫЕ,CCCCCC
7,01.010.0137.0662,01.010.0137,П/Ф ИЗ РЫБЫ ЗАМОРОЖЕННЫЕ,CCCCCC
7,01.010.0137.0694,01.010.0137,РЫБА ЗАМОРОЖЕННАЯ ФАРШ,CCCCCC
7,01.010.0155.0687,01.010.0155,РЫБА ЗАМОРОЖЕННАЯ НАБОРЫ ДЛЯ УХИ,CCCCCC
7,01.010.0155.0689,01.010.0155,РЫБА ЗАМОРОЖЕННАЯ НЕРАЗДЕЛАННАЯ В УПАКОВКЕ (В КИЛОГРАММАХ),CCCCCC
7,01.010.0155.0690,01.010.0155,РЫБА ЗАМОРОЖЕННАЯ НЕРАЗДЕЛАННАЯ В УПАКОВКЕ (В ШТУКАХ),CCCCCC
7,01.010.0155.0688,01.010.0155,РЫБА ЗАМОРОЖЕННАЯ НЕРАЗДЕЛАННАЯ ВЕСОВАЯ,CCCCCC
7,01.010.0155.0692,01.010.0155,РЫБА ЗАМОРОЖЕННАЯ СТЕЙК В УПАКОВКЕ (В КИЛОГРАММАХ),CCCCCC
7,01.010.0155.0693,01.010.0155,РЫБА ЗАМОРОЖЕННАЯ СТЕЙК В УПАКОВКЕ (В ШТУКАХ),CCCCCC
7,01.010.0155.0691,01.010.0155,РЫБА ЗАМОРОЖЕННАЯ СТЕЙК ВЕСОВАЯ,CCCCCC
7,01.010.0155.0696,01.010.0155,РЫБА ЗАМОРОЖЕННАЯ ФИЛЕ В УПАКОВКЕ (В КИЛОГРАММАХ),CCCCCC
7,01.010.0155.0695,01.010.0155,РЫБА ЗАМОРОЖЕННАЯ ФИЛЕ ВЕСОВАЯ,CCCCCC
7,01.010.0155.0697,01.010.0155,РЫБА ЗАМОРОЖЕННАЯ ФИЛЕ  В УПАКОВКЕ (В ШТУКАХ),CCCCCC
7,01.011.0009.0163,01.011.0009,ДИАБЕТИЧЕСКИЕ БАТОНЧИКИ,CCCCCC
7,01.011.0009.0164,01.011.0009,"ДИАБЕТИЧЕСКИЕ ВАРЕНЬЯ, СИРОПЫ",CCCCCC
7,01.011.0009.0165,01.011.0009,ДИАБЕТИЧЕСКИЕ ЗАМЕНИТЕЛИ САХАРА,CCCCCC
7,01.011.0009.0166,01.011.0009,ДИАБЕТИЧЕСКИЕ КОНДИТЕРСКИЕ ИЗДЕЛИЯ,CCCCCC
7,01.011.0009.0167,01.011.0009,ДИАБЕТИЧЕСКИЕ КОНДИТЕРСКИЕ ИЗДЕЛИЯ ПРОЧИЕ,CCCCCC
7,01.011.0009.0168,01.011.0009,ДИАБЕТИЧЕСКИЕ МУЧНЫЕ КОНДИТЕРСКИЕ ИЗДЕЛИЯ,CCCCCC
7,01.011.0009.0169,01.011.0009,ДИАБЕТИЧЕСКИЕ НАПИТКИ,CCCCCC
7,01.011.0009.0345,01.011.0009,КОНТРОЛЬ ВЕСА,CCCCCC
7,01.011.0009.0561,01.011.0009,ПАРАФАРМАЦЕВТИЧЕСКИЕ БАДЫ,CCCCCC
7,01.011.0044.0032,01.011.0044.0225,БАД ЗОЖ,CCCCCC
7,01.011.0044.0038,01.011.0044.0225,БАТОНЧИКИ,CCCCCC
7,01.011.0044.0054,01.011.0044.0225,"ВАРЕНЬЕ, СИРОПЫ",CCCCCC
7,01.011.0044.0058,01.011.0044.0225,"ВЕГЕТАРИАНСКИЕ ПОЛУФАБРИКАТЫ, КОТЛЕТЫ",CCCCCC
7,01.011.0044.0225,01.011.0044.0225,ЖИВОЕ ПИТАНИЕ,CCCCCC
7,01.011.0044.0232,01.011.0044.0225,ЗАМЕНИТЕЛИ САХАРА,CCCCCC
7,01.011.0044.0233,01.011.0044.0225,ЗАМОРОЖЕННАЯ ПРОДУКЦИЯ ДЛЯ ВЕГЕТАРИАНЦЕВ,CCCCCC
7,01.011.0044.0299,01.011.0044.0225,"КАШИ,ХЛОПЬЯ,МЮСЛИ",CCCCCC
7,01.011.0044.0310,01.011.0044.0225,"КЛЕТЧАТКА, ОТРУБИ",CCCCCC
7,01.011.0044.0331,01.011.0044.0225,КОНДИТЕРСКИЕ ИЗДЕЛИЯ ЗОЖ,CCCCCC
7,01.011.0044.0332,01.011.0044.0225,КОНДИТЕРСКИЕ ИЗДЕЛИЯ ПРОЧИЕ,CCCCCC
7,01.011.0044.0367,01.011.0044.0225,КОСМЕТИКА ЭТНИЧЕСКАЯ,CCCCCC
7,01.011.0044.0383,01.011.0044.0225,"КРУПЫ, ЗЕРНА, СЕМЕНА",CCCCCC
7,01.011.0044.0428,01.011.0044.0225,"МАКАРОННЫЕ ИЗДЕЛИЯ, ВЕГЕТАРИАНСКИЕ СУПЫ",CCCCCC
7,01.011.0044.0442,01.011.0044.0225,МАСЛА,CCCCCC
7,01.011.0044.0485,01.011.0044.0225,МУКА ЗОЖ,CCCCCC
7,01.011.0044.0488,01.011.0044.0225,МУЧНЫЕ КОНДИТЕРСКИЕ ИЗДЕЛИЯ ЗОЖ,CCCCCC
7,01.011.0044.0518,01.011.0044.0225,НАПИТКИ,CCCCCC
7,01.011.0044.0553,01.011.0044.0225,ОХЛАЖДЕННАЯ ПРОДУКЦИЯ ДЛЯ ВЕГЕТАРИАНЦЕВ,CCCCCC
7,01.011.0044.0651,01.011.0044.0225,ПРОДУКТЫ ЭТНИЧЕСКОЙ КУХНИ,CCCCCC
7,01.011.0044.0767,01.011.0044.0225,"СНЭКИ, ХЛЕБЦЫ",CCCCCC
7,01.011.0044.0779,01.011.0044.0225,"СОЛЬ, ПРИПРАВЫ",CCCCCC
7,01.011.0044.0819,01.011.0044.0225,СУПЕРФУДЫ,CCCCCC
7,01.011.0044.0935,01.011.0044.0225,"ЧАЙ, ФИТОСБОРЫ",CCCCCC
7,01.011.0192.0817,01.011.0192,СТРОЙНАЯ ФИГУРА НАПИТКИ,CCCCCC
7,01.011.0192.0818,01.011.0192,СТРОЙНАЯ ФИГУРА ОСНОВНОЕ ПИТАНИЕ,CCCCCC
7,01.015.0069.0143,01.015.0069,ГРИБЫ КОНСЕРВИРОВАННЫЕ,CCCCCC
7,01.015.0070.0335,01.015.0070,КОНСЕРВИРОВАННЫЕ МОЛОЧНЫЕ ПРОДУКТЫ ДРУГИЕ,CCCCCC
7,01.015.0070.0464,01.015.0070,МОЛОКО КОНЦЕНТРИРОВАННОЕ,CCCCCC
7,01.015.0070.0466,01.015.0070,МОЛОКО СГУЩЕННОЕ,CCCCCC
7,01.015.0070.0467,01.015.0070,МОЛОКО СГУЩЕННОЕ ВАРЕННОЕ,CCCCCC
7,01.015.0070.0468,01.015.0070,"МОЛОКО СГУЩЕННОЕ С КОФЕ, КАКАО",CCCCCC
7,01.015.0070.0749,01.015.0070,СЛИВКИ СГУЩЕННЫЕ С ДОБАВЛЕНИЕМ САХАРА,CCCCCC
7,01.015.0071.0336,01.015.0071,КОНСЕРВИРОВАННЫЕ МЯСНЫЕ ПОЛУФАБРИКАТЫ,CCCCCC
7,01.015.0071.0337,01.015.0071,КОНСЕРВЫ ИЗ ПТИЦЫ,CCCCCC
7,01.015.0071.0340,01.015.0071,КОНСЕРВЫ МЯСНЫЕ,CCCCCC
7,01.015.0071.0341,01.015.0071,КОНСЕРВЫ МЯСНЫЕ ДРУГИЕ,CCCCCC
7,01.015.0071.0342,01.015.0071,КОНСЕРВЫ МЯСОРАСТИТЕЛЬНЫЕ,CCCCCC
7,01.015.0071.0568,01.015.0071,ПАШТЕТЫ ИЗ МЯСА И ПТИЦЫ,CCCCCC
7,01.015.0071.0818,01.015.0071,СУБПРОДУКТЫ КОНСЕРВИРОВАННЫЕ,CCCCCC
7,01.015.0072.0027,01.015.0072,АССОРТИ ОВОЩНОЕ,CCCCCC
7,01.015.0072.0138,01.015.0072,ГОРОШЕК ЗЕЛЕНЫЙ  КОНСЕРВИРОВАННЫЙ,CCCCCC
7,01.015.0072.0231,01.015.0072,"ЗАКУСКИ, САЛАТЫ, ГОТОВЫЕ БЛЮДА КОНСЕРВИРОВАННЫЕ",CCCCCC
7,01.015.0072.0261,01.015.0072,ИКРА ОВОЩНАЯ,CCCCCC
7,01.015.0072.0394,01.015.0072,КУКУРУЗА КОНСЕРВИРОВАННАЯ,CCCCCC
7,01.015.0072.0538,01.015.0072,ОГУРЦЫ КОНСЕРВИРОВАННЫЕ,CCCCCC
7,01.015.0072.0539,01.015.0072,"ОЛИВКИ, МАСЛИНЫ КОНСЕРВИРОВАННЫЕ",CCCCCC
7,01.015.0072.0577,01.015.0072,ПЕРЕЦ КОНСЕРВИРОВАННЫЙ,CCCCCC
7,01.015.0072.0655,01.015.0072,ПРОЧИЕ ПЛОДЫ И ОВОЩИ КОНСЕРВИРОВАННЫЕ,CCCCCC
7,01.015.0072.0867,01.015.0072,ТОМАТЫ КОНСЕРВИРОВАННЫЕ,CCCCCC
7,01.015.0072.0898,01.015.0072,ФАСОЛЬ КОНСЕРВИРОВАННАЯ,CCCCCC
7,01.015.0073.0338,01.015.0073,КОНСЕРВЫ ИЗ РЫБЫ,CCCCCC
7,01.015.0073.0339,01.015.0073,КОНСЕРВЫ ИЗ РЫБЫ ДРУГИЕ,CCCCCC
7,01.015.0073.0475,01.015.0073,МОРЕПРОДУКТЫ КОНСЕРВИРОВАННЫЕ,CCCCCC
7,01.015.0073.0570,01.015.0073,ПАШТЕТЫ ИЗ РЫБЫ КОНСЕРВИРОВАННЫЕ,CCCCCC
7,01.015.0074.0157,01.015.0074,"ДЕСЕРТЫ, СИРОПЫ, КОНДИТЕРСКИЕ СЛИВКИ",CCCCCC
7,01.015.0074.0162,01.015.0074,"ДЖЕМЫ, ПОВИДЛО, ВАРЕНЬЕ, КОНФИТЮРЫ",CCCCCC
7,01.015.0075.0334,01.015.0075,КОНСЕРВАЦИЯ КОМПОТЫ,CCCCCC
7,01.015.0075.0343,01.015.0075,КОНСЕРВЫ ФРУКТОВЫЕ,CCCCCC
7,01.015.0096.0455,01.015.0096,МЁД ВЕСОВОЙ,CCCCCC
7,01.015.0096.0457,01.015.0096,МЁД УПАКОВАННЫЙ,CCCCCC
7,01.016.0027.0064,01.016.0027,"ВЕСОВЫЕ ВОСТОЧНЫЕ СЛАДОСТИ ЛУКУМЫ, ЩЕРБЕТЫ",CCCCCC
7,01.016.0027.0065,01.016.0027,ВЕСОВЫЕ ВОСТОЧНЫЕ СЛАДОСТИ МУЧНЫЕ,CCCCCC
7,01.016.0027.0114,01.016.0027,ВОСТОЧНЫЕ СЛАДОСТИ ЛУКУМЫ,CCCCCC
7,01.016.0077.0066,01.016.0077,ВЕСОВЫЕ КОНФЕТЫ,CCCCCC
7,01.016.0077.0274,01.016.0077,ИРИС,CCCCCC
7,01.016.0077.0287,01.016.0077,КАРАМЕЛЬ,CCCCCC
7,01.016.0077.0350,01.016.0077,КОНФЕТЫ В ПАКЕТАХ,CCCCCC
7,01.016.0077.0346,01.016.0077,КОНФЕТЫ ВЕСОВЫЕ ПО ОДНОЙ ЦЕНЕ,CCCCCC
7,01.016.0077.0347,01.016.0077,КОНФЕТЫ ВЕСОВЫЕ ПО ОДНОЙ ЦЕНЕ КАТЕГОРИЯ 2,CCCCCC
7,01.016.0077.0348,01.016.0077,КОНФЕТЫ ВЕСОВЫЕ ПО ОДНОЙ ЦЕНЕ КАТЕГОРИЯ 3,CCCCCC
7,01.016.0077.0542,01.016.0077,ОРЕХИ В ГЛАЗУРИ,CCCCCC
7,01.016.0077.0624,01.016.0077,ПОМАДНЫЕ НЕГЛАЗИРОВАННЫЕ КОНФЕТЫ,CCCCCC
7,01.016.0077.0829,01.016.0077,СУХОФРУКТЫ В ГЛАЗУРИ,CCCCCC
7,01.016.0078.0349,01.016.0078,КОНФЕТЫ В КОРОБКАХ2,CCCCCC
7,01.016.0113.0528,01.016.0113,НОВОГОДНИЕ ПОДАРКИ КОНДИТЕРСКИЕ2,CCCCCC
7,01.016.0143.0194,01.016.0143,"ДРУГИЕ ИРИСЫ, КАРАМЕЛЬ, ЛЕДЕНЦЫ, ДРАЖЕ",CCCCCC
7,01.016.0143.0219,01.016.0143,ЖЕВАТЕЛЬНОЕ ДАРАЖЕ,CCCCCC
7,01.016.0143.0220,01.016.0143,ЖЕВАТЕЛЬНЫЕ РЕЗИНКИ ДРУГИЕ,CCCCCC
7,01.016.0143.0221,01.016.0143,ЖЕВАТЕЛЬНЫЕ РЕЗИНКИ ПЛАСТИНКИ,CCCCCC
7,01.016.0143.0222,01.016.0143,ЖЕВАТЕЛЬНЫЕ РЕЗИНКИ ПОДУШЕЧКИ,CCCCCC
7,01.016.0168.0067,01.016.0168,ВЕСОВЫЕ СЛАДОСТИ,CCCCCC
7,01.016.0168.0174,01.016.0168,ДРАЖЕ,CCCCCC
7,01.016.0168.0216,01.016.0168,ДРУГОЙ ЗЕФИР,CCCCCC
7,01.016.0168.0239,01.016.0168,ЗЕФИР В ШОКОЛАДЕ,CCCCCC
7,01.016.0168.0240,01.016.0168,ЗЕФИР КЛАССИЧЕСКИЙ,CCCCCC
7,01.016.0168.0312,01.016.0168,КОЗИНАК,CCCCCC
7,01.016.0168.0413,01.016.0168,ЛЕДЕНЦЫ,CCCCCC
7,01.016.0168.0440,01.016.0168,МАРМЕЛАД ЖЕВАТЕЛЬНЫЙ,CCCCCC
7,01.016.0168.0441,01.016.0168,МАРМЕЛАД КЛАССИЧЕСКИЙ,CCCCCC
7,01.016.0168.0908,01.016.0168,ХАЛВА,CCCCCC
7,01.016.0217.0040,01.016.0217,БАТОНЧИКИ ДРУГИЕ,CCCCCC
7,01.016.0217.0041,01.016.0217,БАТОНЧИКИ ШОКОЛАДНЫЕ,CCCCCC
7,01.016.0217.0965,01.016.0217,ШОКОЛАДНЫЕ ПЛИТКИ БЕЛЫЕ,CCCCCC
7,01.016.0217.0946,01.016.0217,ШОКОЛАДНЫЕ ПЛИТКИ МОЛОЧНЫЕ,CCCCCC
7,01.016.0217.0947,01.016.0217,ШОКОЛАДНЫЕ ПЛИТКИ С ДОБАВКАМИ,CCCCCC
7,01.016.0217.0948,01.016.0217,ШОКОЛАДНЫЕ ПЛИТКИ ТЕМНЫЕ,CCCCCC
7,01.016.0217.0964,01.016.0217,ЯЙЦА ШОКОЛАДНЫЕ,CCCCCC
7,01.016.0218.0944,01.016.0218,ШОКОЛАДНАЯ ПАСТА2,CCCCCC
7,01.017.0028.0115,01.017.0028.0115,ВЫПЕЧКА,CCCCCC
7,01.017.0227.0001,01.017.0227,ГАРНИРЫ ИЗ КРУП,CCCCCC
7,01.017.0079.0351,01.017.0079,КОРЕЙСКИЕ БЛЮДА ГРИБНЫЕ,CCCCCC
7,01.017.0079.0352,01.017.0079,КОРЕЙСКИЕ БЛЮДА МЯСНЫЕ,CCCCCC
7,01.017.0079.0353,01.017.0079,КОРЕЙСКИЕ БЛЮДА ОВОЩНЫЕ,CCCCCC
7,01.017.0079.0354,01.017.0079,КОРЕЙСКИЕ БЛЮДА РЫБНЫЕ,CCCCCC
7,01.017.0079.0355,01.017.0079,КОРЕЙСКИЕ БЛЮДА СОЕВЫЕ,CCCCCC
7,01.017.0135.0622,01.017.0135,ПОЛУФАБРИКАТЫ ОВОЩИ,CCCCCC
7,01.017.0149.0670,01.017.0149,РАЗНОСОЛЫ ГРИБЫ,CCCCCC
7,01.017.0149.0671,01.017.0149,РАЗНОСОЛЫ ОВОЩИ,CCCCCC
7,01.017.0149.0672,01.017.0149,РАЗНОСОЛЫ ТРАВЫ,CCCCCC
7,01.017.0149.0673,01.017.0149,РАЗНОСОЛЫ ФРУКТЫ,CCCCCC
7,01.017.0149.0674,01.017.0149,РАЗНОСОЛЫ ЯГОДЫ,CCCCCC
7,01.017.0158.0708,01.017.0158,САЛАТЫ ИЗ МОРЕПРОДУКТОВ,CCCCCC
7,01.017.0158.0706,01.017.0158,САЛАТЫ МЯСНЫЕ,CCCCCC
7,01.017.0158.0707,01.017.0158,САЛАТЫ ОВОЩНЫЕ,CCCCCC
7,01.017.0206.0885,01.017.0206,ТУШЕНЫЕ БЛЮДА ОВОЩИ,CCCCCC
7,01.017.0226.0968,01.017.0226,ЯПОНСКИЕ БЛЮДА НАБОРЫ,CCCCCC
7,01.017.0226.0969,01.017.0226,ЯПОНСКИЕ БЛЮДА РОЛЛЫ,CCCCCC
7,01.017.0226.0970,01.017.0226,ЯПОНСКИЕ БЛЮДА СУШИ,CCCCCC
7,01.018.0092.0438,01.018.0092,"МАРГАРИН, САЛО, ЖИР",CCCCCC
7,01.018.0092.0446,01.018.0092,МАСЛО КОКОСОВОЕ,CCCCCC
7,01.018.0092.0786,01.018.0092,СПРЕДЫ,CCCCCC
7,01.018.0095.0450,01.018.0095.0450,МАСЛО СЛИВОЧНОЕ,CCCCCC
7,01.018.0095.0451,01.018.0095.0450,МАСЛО СЛИВОЧНОЕ В УПАКОВКЕ,CCCCCC
7,01.018.0095.0452,01.018.0095.0450,МАСЛО СЛИВОЧНОЕ ТОПЛЕНОЕ,CCCCCC
7,01.019.0036.0155,01.019.0036,ДЕСЕРТЫ ЖЕЛЕЙНЫЕ,CCCCCC
7,01.019.0036.0156,01.019.0036,ДЕСЕРТЫ МОЛОЧНЫЕ,CCCCCC
7,01.019.0036.0159,01.019.0036,ДЕСЕРТЫ ФРУКТОВЫЕ,CCCCCC
7,01.019.0038.0276,01.019.0038,ЙОГУРТЫ ДЕТСКИЕ,CCCCCC
7,01.019.0038.0295,01.019.0038,КАШИ ДЕТСКИЕ ЖИДКИЕ,CCCCCC
7,01.019.0038.0306,01.019.0038,КИСЛОМОЛОЧНАЯ ПРОДУКЦИЯ ДЕТСКАЯ,CCCCCC
7,01.019.0038.0313,01.019.0038,КОКТЕЙЛИ ДЕТСКИЕ,CCCCCC
7,01.019.0038.0469,01.019.0038,"МОЛОКО, СЛИВКИ ДЕТСКИЕ",CCCCCC
7,01.019.0038.0763,01.019.0038,СНЕКИ МОЛОЧНЫЕ,CCCCCC
7,01.019.0038.0856,01.019.0038,ТВОРОЖКИ ДЕТСКИЕ,CCCCCC
7,01.019.0039.0176,01.019.0039,ДРОЖЖИ СЫРЫЕ 1,CCCCCC
7,01.019.0055.0277,01.019.0055,ЙОГУРТЫ СТЕРИЛИЗОВАННЫЕ ВЯЗКИЕ,CCCCCC
7,01.019.0055.0278,01.019.0055,ЙОГУРТЫ СТЕРИЛИЗОВАННЫЕ ПИТЬЕВЫЕ,CCCCCC
7,01.019.0056.0279,01.019.0056,ЙОГУРТЫ ТЕРМОСТАТНЫЕ ВЯЗКИЕ,CCCCCC
7,01.019.0056.0280,01.019.0056,ЙОГУРТЫ ТЕРМОСТАТНЫЕ ПИТЬЕВЫЕ,CCCCCC
7,01.019.0061.0229,01.019.0061,ЗАКВАСКИ,CCCCCC
7,01.019.0061.0305,01.019.0061,КЕФИР,CCCCCC
7,01.019.0061.0617,01.019.0061,ПОДДЕРЖИВАЮЩИЕ ИММУНИТЕТ,CCCCCC
7,01.019.0061.0704,01.019.0061,"РЯЖЕНКА, ВАРЕНЕЦ",CCCCCC
7,01.019.0061.0757,01.019.0061,СМЕТАНА,CCCCCC
7,01.019.0061.0758,01.019.0061,СНЕЖОК,CCCCCC
7,01.019.0061.0853,01.019.0061,"ТАН, АЙРАН, КУМЫС, МАЦОНИ",CCCCCC
7,01.019.0098.0462,01.019.0098,МОЛОКО КОЗЬЕ ПАСТЕРИЗОВАННОЕ,CCCCCC
7,01.019.0098.0463,01.019.0098,МОЛОКО КОЗЬЕ СТЕРИЛИЗОВАННОЕ,CCCCCC
7,01.019.0098.0465,01.019.0098,МОЛОКО ПАСТЕРИЗОВАННОЕ,CCCCCC
7,01.019.0098.0470,01.019.0098,МОЛОКО СТЕРИЛИЗОВАННОЕ,CCCCCC
7,01.019.0098.0471,01.019.0098,МОЛОКО ТОПЛЕНОЕ ПАСТЕРИЗОВАННОЕ,CCCCCC
7,01.019.0098.0472,01.019.0098,МОЛОКО ТОПЛЕНОЕ СТЕРИЛИЗОВАННОЕ,CCCCCC
7,01.019.0098.0748,01.019.0098,СЛИВКИ ПАСТЕРИЗОВАННЫЕ,CCCCCC
7,01.019.0098.0750,01.019.0098,СЛИВКИ СТЕРИЛИЗОВАННЫЕ,CCCCCC
7,01.019.0099.0473,01.019.0099,МОЛОЧНЫЕ НАПИТКИ ВЫСОКОЙ ТЕМПЕРАТУРЫ ХРАНЕНИЯ,CCCCCC
7,01.019.0099.0474,01.019.0099,МОЛОЧНЫЕ НАПИТКИ НИЗКОЙ ТЕМПЕРАТУРЫ ХРАНЕНИЯ,CCCCCC
7,01.019.0151.0158,01.019.0151,"ДЕСЕРТЫ СОЕВЫЕ, КЕДРОВЫЕ, КОКОСОВЫЕ И ДР.",CCCCCC
7,01.019.0151.0523,01.019.0151,"НАПИТКИ СОЕВЫЕ, КЕДРОВЫЕ, КОКОСОВЫЕ И ДР.",CCCCCC
7,01.019.0151.0650,01.019.0151,"ПРОДУКТЫ ПРОЧИЕ СОЕВЫЕ, КЕДРОВЫЕ, КОКОСОВЫЕ И ДР.",CCCCCC
7,01.019.0201.0453,01.019.0201,МАССА ТВОРОЖНАЯ ЗАМОРОЖЕННАЯ,CCCCCC
7,01.019.0201.0834,01.019.0201,"СЫРКИ, МАССА ТВОРОЖНЫЕ ЗАМОРОЖЕННЫЕ",CCCCCC
7,01.019.0201.0835,01.019.0201,"СЫРКИ, МАССА ТВОРОЖНЫЕ ОХЛАЖДЕННЫЕ",CCCCCC
7,01.019.0201.0855,01.019.0201,ТВОРОГ,CCCCCC
7,01.019.0201.0857,01.019.0201,ТВОРОЖНЫЕ ДЕСЕРТЫ,CCCCCC
7,01.020.0018.0059,01.020.0018,"ВЕДРА, ВАННЫ, ПАКЕТЫ, ТОРТЫ2",CCCCCC
7,01.020.0223.0962,01.020.0223,"ЭСКИМО, СТАКАНЧИКИ, БРИКЕТЫ2",CCCCCC
7,01.021.0013.0045,01.021.0013,"БИСКВИТНЫЕ ИЗДЕЛИЯ, ПИРОЖНЫЕ",CCCCCC
7,01.021.0013.0302,01.021.0013,КЕКСЫ ДЛИТЕЛЬНОГО ХРАНЕНИЯ,CCCCCC
7,01.021.0013.0378,01.021.0013,КРУАССАНЫ ДЛИТЕЛЬНОГО ХРАНЕНИЯ,CCCCCC
7,01.021.0013.0679,01.021.0013,РУЛЕТЫ ДЛИТЕЛЬНОГО ХРАНЕНИЯ,CCCCCC
7,01.021.0017.0057,01.021.0017,ВАФЛИ ВЕСОВЫЕ,CCCCCC
7,01.021.0017.0056,01.021.0017,ВАФЛИ2,CCCCCC
7,01.021.0129.0376,01.021.0129,"КРЕКЕР, ГАЛЕТЫ",CCCCCC
7,01.021.0129.0580,01.021.0129,ПЕЧЕНЬЕ ВЕСОВОЕ,CCCCCC
7,01.021.0129.0582,01.021.0129,ПЕЧЕНЬЕ ЗАТЯЖНОЕ,CCCCCC
7,01.021.0129.0583,01.021.0129,ПЕЧЕНЬЕ ОВСЯНОЕ,CCCCCC
7,01.021.0129.0584,01.021.0129,ПЕЧЕНЬЕ ПЕСОЧНОЕ,CCCCCC
7,01.021.0129.0585,01.021.0129,ПЕЧЕНЬЕ САХАРНОЕ,CCCCCC
7,01.021.0129.0587,01.021.0129,ПЕЧЕНЬЕ СДОБНОЕ,CCCCCC
7,01.021.0129.0588,01.021.0129,ПЕЧЕНЬЕ СЛОЖНОЕ,CCCCCC
7,01.021.0147.0656,01.021.0147,ПРЯНИКИ ДЛИТЕЛЬНОГО ХРАНЕНИЯ,CCCCCC
7,01.021.0194.0825,01.021.0194,СУХАРИКИ ПРОМ.ПРОИЗВОДСТВА,CCCCCC
7,01.021.0194.0833,01.021.0194,"СУШКИ, БАРАНКИ",CCCCCC
7,01.021.0203.0356,01.021.0203,КОРЖИ ДЛЯ ТОРТОВ ДЛИТЕЛЬНОГО ХРАНЕНИЯ,CCCCCC
7,01.021.0204.0597,01.021.0204,ПИРОГИ ДЛИТЕЛЬНОГО ХРАНЕНИЯ,CCCCCC
7,01.021.0204.0870,01.021.0204,ТОРТЫ БИСКВИТНЫЕ ДЛИТЕЛЬНОГО ХРАНЕНИЯ,CCCCCC
7,01.021.0204.0871,01.021.0204,ТОРТЫ ВАФЕЛЬНЫЕ ДЛИТЕЛЬНОГО ХРАНЕНИЯ,CCCCCC
7,01.022.0108.0129,01.022.0108,ГОВЯДИНА ПОЛУФАБРИКАТЫ КРУПНОКУСКОВЫЕ ЗАМОРОЖЕННЫЕ,CCCCCC
7,01.022.0108.0134,01.022.0108,ГОВЯДИНА СУБПРОДУКТЫ ЗАМОРОЖЕННЫЕ,CCCCCC
7,01.022.0108.0136,01.022.0108,ГОВЯДИНА ФАРШ ЗАМОРОЖЕННЫЙ,CCCCCC
7,01.022.0108.0207,01.022.0108,ДРУГОЕ МЯСО ПОЛУФАБРИКАТЫ КРУПНОКУСКОВЫЕ ЗАМОРОЖЕННЫЕ,CCCCCC
7,01.022.0108.0209,01.022.0108,ДРУГОЕ МЯСО ПОЛУФАБРИКАТЫ ПОРЦИОННЫЕ ЗАМОРОЖЕННЫЕ,CCCCCC
7,01.022.0108.0212,01.022.0108,ДРУГОЕ МЯСО СУБПРОДУКТЫ ЗАМОРОЖЕННЫЕ,CCCCCC
7,01.022.0108.0213,01.022.0108,ДРУГОЕ МЯСО ТУШКИ ЗАМОРОЖЕННЫЕ,CCCCCC
7,01.022.0108.0720,01.022.0108,СВИНИНА В МАРИНАДЕ ЗАМОРОЖЕННАЯ,CCCCCC
7,01.022.0108.0722,01.022.0108,СВИНИНА ПОЛУФАБРИКАТЫ КРУПНОКУСКОВЫЕ ЗАМОРОЖЕННЫЕ,CCCCCC
7,01.022.0108.0724,01.022.0108,СВИНИНА ПОЛУФАБРИКАТЫ МЕЛКОКУСКОВЫЕ ЗАМОРОЖЕННЫЕ,CCCCCC
7,01.022.0108.0728,01.022.0108,СВИНИНА СУБПРОДУКТЫ ЗАМОРОЖЕННЫЕ,CCCCCC
7,01.022.0108.0730,01.022.0108,СВИНИНА ТУШКИ ЗАМОРОЖЕННЫЕ,CCCCCC
7,01.022.0110.0181,01.022.0110,ДРУГАЯ ПТИЦА РАЗДЕЛКА ЗАМОРОЖЕННАЯ,CCCCCC
7,01.022.0110.0183,01.022.0110,ДРУГАЯ ПТИЦА СУБПРОДУКТЫ ЗАМОРОЖЕННЫЕ,CCCCCC
7,01.022.0110.0185,01.022.0110,ДРУГАЯ ПТИЦА ТУШКА ЗАМОРОЖЕННАЯ,CCCCCC
7,01.022.0110.0187,01.022.0110,ДРУГАЯ ПТИЦА ФАРШ ЗАМОРОЖЕННЫЙ,CCCCCC
7,01.022.0110.0266,01.022.0110,ИНДЕЙКА РАЗДЕЛКА ЗАМОРОЖЕННАЯ,CCCCCC
7,01.022.0110.0268,01.022.0110,ИНДЕЙКА СУБПРОДУКТЫ ЗАМОРОЖЕННЫЕ,CCCCCC
7,01.022.0110.0270,01.022.0110,ИНДЕЙКА ТУШКА ЗАМОРОЖЕННАЯ,CCCCCC
7,01.022.0110.0272,01.022.0110,ИНДЕЙКА ФАРШ ЗАМОРОЖЕННЫЙ,CCCCCC
7,01.022.0110.0398,01.022.0110,КУРЫ МЯСО В МАРИНАДЕ ЗАМОРОЖЕННОЕ,CCCCCC
7,01.022.0110.0401,01.022.0110,КУРЫ РАЗДЕЛКА ЗАМОРОЖЕННАЯ,CCCCCC
7,01.022.0110.0403,01.022.0110,КУРЫ СУБПРОДУКТЫ ЗАМОРОЖЕННЫЕ,CCCCCC
7,01.022.0110.0405,01.022.0110,КУРЫ ТУШКА ЗАМОРОЖЕННАЯ,CCCCCC
7,01.022.0110.0407,01.022.0110,КУРЫ ФАРШ ЗАМОРОЖЕННЫЙ,CCCCCC
7,01.023.0008.0654,01.023.0008,"ПРОЧЕЕ (НАБОРЫ, ОРИГИНАЛЬНЫЕ БУТЫЛКИ)",CCCCCC
7,01.023.0019.0062,01.023.0019,ВЕРМУТЫ И АПЕРИТИВЫ ДАЛЬНЕГО ЗАРУБЕЖЬЯ,CCCCCC
7,01.023.0019.0063,01.023.0019,ВЕРМУТЫ И АПЕРИТИВЫ РОССИИ И БЛИЖНЕГО ЗАРУБЕЖЬЯ,CCCCCC
7,01.023.0021.0079,01.023.0021,ВИНО ДАЛЬНЕГО ЗАРУБЕЖЬЯ ИГРИСТОЕ,CCCCCC
7,01.023.0021.0080,01.023.0021,ВИНО ДАЛЬНЕГО ЗАРУБЕЖЬЯ ИСКРИСТОЕ И ГАЗИРОВАНОЕ,CCCCCC
7,01.023.0021.0087,01.023.0021,ВИНО ИГРИСТОЕ АРОМАТИЗИРОВАНОЕ/ВКУСОВОЕ,CCCCCC
7,01.023.0021.0088,01.023.0021,ВИНО ИГРИСТОЕ ИМЕНОВАННОЕ,CCCCCC
7,01.023.0021.0089,01.023.0021,"ВИНО ИГРИСТОЕ ОРДИНАРНОЕ, ГАЗИРОВАНОЕ",CCCCCC
7,01.023.0021.0939,01.023.0021,ШАМПАНСКОЕ,CCCCCC
7,01.023.0022.0073,01.023.0022,ВИНО  БЕЗАЛКОГОЛЬНОЕ,CCCCCC
7,01.023.0022.0072,01.023.0022,ВИНО АРОМАТИЗИРОВАНОЕ,CCCCCC
7,01.023.0022.0074,01.023.0022,"ВИНО В УДОБНОЙ УПАКОВКЕ ДО 1,5Л",CCCCCC
7,01.023.0022.0075,01.023.0022,"ВИНО В УДОБНОЙ УПАКОВКЕ ДО 1,5Л (ДАЛЬНЕЕ ЗАРУБЕЖЬЕ)",CCCCCC
7,01.023.0022.0076,01.023.0022,ВИНО В УДОБНОЙ УПАКОВКЕ ОТ 2Л,CCCCCC
7,01.023.0022.0077,01.023.0022,ВИНО В УДОБНОЙ УПАКОВКЕ ОТ 2Л (ДАЛЬНЕЕ ЗАРУБЕЖЬЕ),CCCCCC
7,01.023.0022.0078,01.023.0022,ВИНО В УДОБНОЙ УПАКОВКЕ ПЛОДОВОЕ,CCCCCC
7,01.023.0022.0082,01.023.0022,"ВИНО ЕВРОПЫ  (ГЕРМАНИЯ, АВСТРИЯ)",CCCCCC
7,01.023.0022.0083,01.023.0022,"ВИНО ЕВРОПЫ  (ИСПАНИЯ, ПОРТУГАЛИЯ)",CCCCCC
7,01.023.0022.0084,01.023.0022,ВИНО ЕВРОПЫ  (ИТАЛИЯ),CCCCCC
7,01.023.0022.0086,01.023.0022,ВИНО ЕВРОПЫ  (ФРАНЦИЯ),CCCCCC
7,01.023.0022.0081,01.023.0022,"ВИНО ЕВРОПЫ (БОЛГАРИЯ, ВЕНГРИЯ)",CCCCCC
7,01.023.0022.0085,01.023.0022,ВИНО ЕВРОПЫ (ПРОЧИЕ),CCCCCC
7,01.023.0022.0092,01.023.0022,ВИНО НОВОГО СВЕТА  (АМЕРИКАНСКИЙ КОНТИНЕНТ),CCCCCC
7,01.023.0022.0093,01.023.0022,ВИНО НОВОГО СВЕТА  (ПРОЧИЕ),CCCCCC
7,01.023.0022.0094,01.023.0022,ВИНО ПЛОДОВОЕ ДАЛЬНЕГО ЗАРУБЕЖЬЯ,CCCCCC
7,01.023.0022.0095,01.023.0022,ВИНО ПЛОДОВОЕ РОССИИ И БЛИЖНЕГО ЗАРУБЕЖЬЯ,CCCCCC
7,01.023.0022.0099,01.023.0022,ВИНО СПЕЦИАЛЬНОЕ (КАГОР),CCCCCC
7,01.023.0022.0100,01.023.0022,"ВИНО СПЕЦИАЛЬНОЕ (ХЕРЕС, МАДЕРА, ПОРТВЕЙН)",CCCCCC
7,01.023.0022.0090,01.023.0022,ВИНО.  КАВКАЗА И ЗАКАВКАЗЬЯ,CCCCCC
7,01.023.0022.0091,01.023.0022,ВИНО. МОЛДОВЫ,CCCCCC
7,01.023.0022.0096,01.023.0022,ВИНО. РОССИИ,CCCCCC
7,01.023.0022.0097,01.023.0022,ВИНО. РОССИИ (КРЫМ),CCCCCC
7,01.023.0022.0098,01.023.0022,"ВИНО. РОССИИ (СПЕЦИАЛЬНОЕ ЭКОНОМ-СЕГМЕНТА, ВСЕ ТИПЫ ТАРЫ)",CCCCCC
7,01.023.0026.0110,01.023.0026,ВОДКА,CCCCCC
7,01.023.0026.0111,01.023.0026,ВОДКА И НАСТОЙКИ ДАЛЬНЕГО ЗАРУБЕЖЬЯ,CCCCCC
7,01.023.0026.0112,01.023.0026,ВОДКА И НАСТОЙКИ КЛАССА ЛЮКС,CCCCCC
7,01.023.0026.0526,01.023.0026,НАСТОЙКИ ГОРЬКИЕ,CCCCCC
7,01.023.0026.0527,01.023.0026,"НАСТОЙКИ СЛАДКИЕ, НАЛИВКИ",CCCCCC
7,01.023.0085.0384,01.023.0085,КСН  ВИНОГРАДНЫЕ БРЕНДИ ВЫСОКОВЫДЕРЖАНЫЙ,CCCCCC
7,01.023.0085.0385,01.023.0085,КСН  ВИНОГРАДНЫЕ БРЕНДИ ДАЛЬНЕЕ ЗАРУБЕЖЬЕ,CCCCCC
7,01.023.0085.0386,01.023.0085,КСН  ВИНОГРАДНЫЕ БРЕНДИ КАВКАЗА И ЗАКАВКАЗЬЯ,CCCCCC
7,01.023.0085.0387,01.023.0085,КСН  ВИНОГРАДНЫЕ БРЕНДИ РОССИЙСКИЙ И БЛИЖНЕГО ЗАРУБЕЖЬЯ,CCCCCC
7,01.023.0085.0388,01.023.0085,"КСН  ВИНОГРАДНЫЕ КОНЬЯК, АРМАНЬЯК",CCCCCC
7,01.023.0085.0391,01.023.0085,КСН  СОЛОДОВЫЕ ВИСКИ ОДНОСОЛОДОВЫЙ И ВЫСОКОВЫДЕРЖАНЫЙ,CCCCCC
7,01.023.0085.0392,01.023.0085,КСН  СОЛОДОВЫЕ ВИСКИ ОРДИНАРНЫЙ,CCCCCC
7,01.023.0085.0389,01.023.0085,"КСН ПРОЧЕЕ ДЖИН, РОМ, ТЕКИЛА",CCCCCC
7,01.023.0085.0390,01.023.0085,КСН ПРОЧЕЕ ДРУГИЕ НАПИТКИ,CCCCCC
7,01.023.0089.0417,01.023.0089,ЛИКЕРЫ ДЕСЕРТНЫЕ (АЛК 5-30%),CCCCCC
7,01.023.0089.0418,01.023.0089,ЛИКЕРЫ КРЕМЫ (АЛК 5-23%),CCCCCC
7,01.023.0089.0419,01.023.0089,"ЛИКЕРЫ КРЕПКИЕ (АЛК ОТ 35%), БИТТЕРЫ, БАЛЬЗАМЫ",CCCCCC
7,01.023.0089.0420,01.023.0089,ЛИКЕРЫ ПРОЧИЕ,CCCCCC
7,01.024.0023.0103,01.024.0023,ВОДА МИНЕРАЛЬНАЯ БЕЗ ГАЗА,CCCCCC
7,01.024.0023.0104,01.024.0023,ВОДА МИНЕРАЛЬНАЯ С ГАЗОМ,CCCCCC
7,01.024.0024.0105,01.024.0024,ВОДА СЛАДКАЯ ДРУГАЯ,CCCCCC
7,01.024.0024.0106,01.024.0024,ВОДА СЛАДКАЯ НА САХАРЕ,CCCCCC
7,01.024.0024.0107,01.024.0024,ВОДА СЛАДКАЯ НА САХАРОЗАМЕНИТЕЛЯХ,CCCCCC
7,01.024.0024.0869,01.024.0024,ВОДА СЛАДКАЯ НЕФАСОВАННАЯ,CCCCCC
7,01.024.0024.0161,01.024.0024,ДЕТСКОЕ ШАМПАНСКОЕ,CCCCCC
7,01.024.0024.0868,01.024.0024,ТОНИКИ,CCCCCC
7,01.024.0025.0108,01.024.0025,ВОДА СТОЛОВАЯ БЕЗ ГАЗА,CCCCCC
7,01.024.0025.0109,01.024.0025,ВОДА СТОЛОВАЯ С ГАЗОМ,CCCCCC
7,01.024.0102.0479,01.024.0102,МОРСЫ,CCCCCC
7,01.024.0102.0522,01.024.0102,НАПИТКИ КОМПОТЫ,CCCCCC
7,01.024.0172.0768,01.024.0172,СОКИ И НЕКТАРЫ В Ж/Б,CCCCCC
7,01.024.0172.0769,01.024.0172,СОКИ И НЕКТАРЫ В ПЭТ-БУТЫЛКЕ,CCCCCC
7,01.024.0172.0770,01.024.0172,СОКИ И НЕКТАРЫ В СТЕКЛОБАНКЕ,CCCCCC
7,01.024.0172.0771,01.024.0172,СОКИ И НЕКТАРЫ В СТЕКЛОБУТЫЛКЕ,CCCCCC
7,01.024.0172.0772,01.024.0172,СОКИ И НЕКТАРЫ В Т/П,CCCCCC
7,01.024.0172.0774,01.024.0172,СОКОСОДЕРЖАЩИЕ НАПИТКИ,CCCCCC
7,01.024.0173.0300,01.024.0173,КВАС,CCCCCC
7,01.024.0173.0302,01.024.0173,КВАС НЕФАСОВАННЫЙ,CCCCCC
7,01.024.0173.0301,01.024.0173,КВАСНОЙ НАПИТОК,CCCCCC
7,01.024.0210.0918,01.024.0210,ХОЛОДНЫЙ КОФЕ,CCCCCC
7,01.024.0210.0919,01.024.0210,ХОЛОДНЫЙ ЧАЙ,CCCCCC
7,01.024.0222.0785,01.024.0222,СПОРТИВНЫЕ НАПИТКИ,CCCCCC
7,01.024.0222.0960,01.024.0222,ЭНЕРГЕТИЧЕСКИЕ НАПИТКИ,CCCCCC
7,01.025.0131.0593,01.025.0131,ПИВО  ИМПОРТНОЕ И В БОЧОНКАХ,CCCCCC
7,01.025.0131.0589,01.025.0131,ПИВО БЕЗАЛКОГОЛЬНОЕ,CCCCCC
7,01.025.0131.0591,01.025.0131,ПИВО В  ПЭТ-БУТЫЛКЕ,CCCCCC
7,01.025.0131.0590,01.025.0131,ПИВО В АЛЮМИНЕВОЙ БАНКЕ,CCCCCC
7,01.025.0131.0592,01.025.0131,ПИВО В СТЕКЛЯНОЙ БУТЫЛКЕ,CCCCCC
7,01.025.0131.0594,01.025.0131,"ПИВО. ""РЕЖИМНОГО ХРАНЕНИЯ"" НЕ ФАСОВАНОЕ",CCCCCC
7,01.025.0131.0595,01.025.0131,"ПИВО. ""РЕЖИМНОГО ХРАНЕНИЯ"" ФАСОВАНОЕ",CCCCCC
7,01.025.0131.0596,01.025.0131,ПИВО.ТАРА ОБОРОТНАЯ И РАСХОДНЫЕ МАТЕРИАЛЫ,CCCCCC
7,01.025.0166.0456,01.025.0166,МЕДОВУХА,CCCCCC
7,01.025.0166.0742,01.025.0166,СИДР,CCCCCC
7,01.025.0167.0744,01.025.0167,"СЛАБОАЛК. КОКТЕЙЛИ ЕМКОСТЬЮ ДО 0,5Л",CCCCCC
7,01.025.0167.0745,01.025.0167,"СЛАБОАЛК. КОКТЕЙЛИ ЕМКОСТЬЮ ДО 0,5Л (ПИВНАЯ ОСНОВА)",CCCCCC
7,01.025.0167.0746,01.025.0167,"СЛАБОАЛК. КОКТЕЙЛИ ЕМКОСТЬЮ ОТ 1,5Л(ПИВНАЯ ОСНОВА)",CCCCCC
7,01.026.0031.0142,01.026.0031,ГРИБЫ ЗАМОРОЖЕННЫЕ В УПАКОВКЕ,CCCCCC
7,01.026.0031.0141,01.026.0031,ГРИБЫ ЗАМОРОЖЕННЫЕ ВЕСОВЫЕ,CCCCCC
7,01.026.0115.0533,01.026.0115,ОВОЩИ ЗАМОРОЖЕННЫЕ В УПАКОВКЕ,CCCCCC
7,01.026.0115.0532,01.026.0115,ОВОЩИ ЗАМОРОЖЕННЫЕ ВЕСОВЫЕ,CCCCCC
7,01.026.0116.0537,01.026.0116,ОВОЩНЫЕ СМЕСИ ЗАМОРОЖЕННЫЕ В УПАКОВКЕ,CCCCCC
7,01.026.0116.0536,01.026.0116,ОВОЩНЫЕ СМЕСИ ЗАМОРОЖЕННЫЕ ВЕСОВЫЕ,CCCCCC
7,01.026.0209.0902,01.026.0209,ФРУКТЫ И ЯГОДЫ ЗАМОРОЖЕННЫЕ  В УПАКОВКЕ,CCCCCC
7,01.026.0209.0901,01.026.0209,ФРУКТЫ И ЯГОДЫ ЗАМОРОЖЕННЫЕ ВЕСОВЫЕ,CCCCCC
7,01.027.0117.0544,01.027.0117,ОРЕХИ В УПАКОВКЕ,CCCCCC
7,01.027.0117.0543,01.027.0117,ОРЕХИ ВЕСОВЫЕ,CCCCCC
7,01.027.0164.0734,01.027.0164,СЕМЕЧКИ 1,CCCCCC
7,01.027.0169.0755,01.027.0169,СМЕСЬ ФРУКТОВО-ОРЕХОВАЯ ВЕСОВАЯ,CCCCCC
7,01.027.0169.0756,01.027.0169,СМЕСЬ ФРУКТОВО-ОРЕХОВАЯ ФАСОВАННАЯ,CCCCCC
7,01.027.0195.0831,01.027.0195,СУХОФРУКТЫ В УПАКОВКЕ,CCCCCC
7,01.027.0195.0830,01.027.0195,СУХОФРУКТЫ ВЕСОВЫЕ,CCCCCC
7,01.030.0125.0050,01.030.0125,БУЛОЧКИ,CCCCCC
7,01.030.0125.0116,01.030.0125,ВЫПЕЧКА БЛИНЫ,CCCCCC
7,01.030.0125.0117,01.030.0125,ВЫПЕЧКА БУТЕРБРОДЫ,CCCCCC
7,01.030.0125.0118,01.030.0125,ВЫПЕЧКА ЗАМОРОЖЕННАЯ П/Ф,CCCCCC
7,01.030.0125.0119,01.030.0125,ВЫПЕЧКА ПИРОГИ,CCCCCC
7,01.030.0125.0120,01.030.0125,ВЫПЕЧКА ПИРОЖКИ,CCCCCC
7,01.030.0125.0121,01.030.0125,ВЫПЕЧКА ПИЦЦА,CCCCCC
7,01.030.0125.0122,01.030.0125,"ВЫПЕЧКА СЛОЙКИ, КРУАССАНЫ",CCCCCC
7,01.030.0125.0303,01.030.0125,"КЕКСЫ, КОРЖИ, СОЧНИ",CCCCCC
7,01.030.0125.0396,01.030.0125,КУЛИЧИ,CCCCCC
7,01.030.0125.0599,01.030.0125,"ПИРОГИ, КУЛЕБЯКИ МЯСОРАСТИТЕЛЬНЫЕ",CCCCCC
7,01.030.0125.0600,01.030.0125,"ПИРОГИ, КУЛЕБЯКИ ОВОЩНЫЕ",CCCCCC
7,01.030.0125.0601,01.030.0125,"ПИРОГИ, КУЛЕБЯКИ РЫБНЫЕ",CCCCCC
7,01.030.0125.0602,01.030.0125,"ПИРОГИ, КУЛЕБЯКИ СЛАДКИЕ",CCCCCC
7,01.030.0125.0603,01.030.0125,ПИРОЖКИ,CCCCCC
7,01.030.0125.0625,01.030.0125,ПОНЧИКИ,CCCCCC
7,01.030.0125.0751,01.030.0125,"СЛОЙКИ, КРУАССАНЫ",CCCCCC
7,01.030.0125.0854,01.030.0125,ТАРТАЛЕТКИ,CCCCCC
7,01.030.0126.0586,01.030.0126,ПЕЧЕНЬЕ СВЕЖЕЕ ПП,CCCCCC
7,01.030.0126.0604,01.030.0126,ПИРОЖНЫЕ БЕЛКОВО-ВЗБИВНЫЕ,CCCCCC
7,01.030.0126.0605,01.030.0126,ПИРОЖНЫЕ БИСКВИТНЫЕ,CCCCCC
7,01.030.0126.0606,01.030.0126,ПИРОЖНЫЕ ВАФЕЛЬНЫЕ,CCCCCC
7,01.030.0126.0607,01.030.0126,ПИРОЖНЫЕ ЗАВАРНЫЕ,CCCCCC
7,01.030.0126.0608,01.030.0126,ПИРОЖНЫЕ КРОШКОВЫЕ,CCCCCC
7,01.030.0126.0609,01.030.0126,ПИРОЖНЫЕ ПЕСОЧНЫЕ,CCCCCC
7,01.030.0126.0610,01.030.0126,ПИРОЖНЫЕ СЛОЕНЫЕ,CCCCCC
7,01.030.0126.0611,01.030.0126,ПИРОЖНЫЕ СУФЛЕ,CCCCCC
7,01.030.0126.0678,01.030.0126,РУЛЕТЫ,CCCCCC
7,01.030.0126.0869,01.030.0126,ТОРТЫ БИСКВИТНЫЕ,CCCCCC
7,01.030.0126.0872,01.030.0126,ТОРТЫ ВЕСОВЫЕ,CCCCCC
7,01.030.0126.0873,01.030.0126,ТОРТЫ ВОЗДУШНЫЕ,CCCCCC
7,01.030.0126.0874,01.030.0126,ТОРТЫ ЗАВАРНЫЕ,CCCCCC
7,01.030.0126.0875,01.030.0126,ТОРТЫ ЗАМОРОЖЕННЫЕ ПП,CCCCCC
7,01.030.0126.0876,01.030.0126,ТОРТЫ ЛЕГКИЕ,CCCCCC
7,01.030.0126.0877,01.030.0126,ТОРТЫ МЕДОВЫЕ,CCCCCC
7,01.030.0126.0878,01.030.0126,ТОРТЫ СЛОЕНЫЕ,CCCCCC
7,01.030.0126.0879,01.030.0126,ТОРТЫ СУФЛЕ,CCCCCC
7,01.030.0201.0001,01.030.0201,ТЕСТО ДРОЖЖЕВОЕ ЗАМОРОЖЕННОЕ ПП,CCCCCC
7,01.030.0127.0861,01.030.0127,ТЕСТО ДРОЖЖЕВОЕ ПП,CCCCCC
7,01.030.0128.0042,01.030.0128,"БАТОНЫ, БАГЕТЫ ПП",CCCCCC
7,01.030.0128.0414,01.030.0128,ЛЕПЕШКИ ПРОМ.ПРОИЗВОДСТВА,CCCCCC
7,01.030.0128.0822,01.030.0128,СУХАРИ,CCCCCC
7,01.030.0128.0910,01.030.0128,ХЛЕБ ПШЕНИЧНЫЙ ПП,CCCCCC
7,01.030.0128.0911,01.030.0128,ХЛЕБ ПШЕНИЧНЫЙ С ДОБАВКАМИ ПП,CCCCCC
7,01.030.0128.0914,01.030.0128,ХЛЕБ РЖАНО-ПШЕНИЧНЫЙ ПП,CCCCCC
7,01.030.0128.0915,01.030.0128,ХЛЕБ РЖАНО-ПШЕНИЧНЫЙ С ДОБАВКАМИ ПП,CCCCCC
7,01.030.0128.0912,01.030.0128,ХЛЕБ РЖАНОЙ ПП,CCCCCC
7,01.030.0128.0913,01.030.0128,ХЛЕБ РЖАНОЙ С ДОБАВКАМИ ПП,CCCCCC
7,01.030.0128.0956,01.030.0128,ЭКСКЛЮЗИВНЫЕ Х/Б ИЗДЕЛИЯ ПП,CCCCCC
7,01.030.0200.0123,01.030.0200,ВЫПЕЧКА ТАНДЫР,CCCCCC
7,01.030.0200.0415,01.030.0200,ЛЕПЕШКИ ТАНДЫР,CCCCCC
7,01.031.0088.0053,01.031.0088,ВАРЕНИКИ ЗАМОРОЖЕННЫЕ В УПАКОВКЕ,CCCCCC
7,01.031.0088.0052,01.031.0088,ВАРЕНИКИ ЗАМОРОЖЕННЫЕ ВЕСОВЫЕ,CCCCCC
7,01.031.0088.0437,01.031.0088,"МАНТЫ, ХИНКАЛИ, ПОЗЫ ЗАМОРОЖЕННЫЕ  В УПАКОВКЕ",CCCCCC
7,01.031.0088.0436,01.031.0088,"МАНТЫ, ХИНКАЛИ, ПОЗЫ ЗАМОРОЖЕННЫЕ ВЕСОВЫЕ",CCCCCC
7,01.031.0088.0573,01.031.0088,ПЕЛЬМЕНИ ЗАМОРОЖЕННЫЕ  В УПАКОВКЕ,CCCCCC
7,01.031.0088.0572,01.031.0088,ПЕЛЬМЕНИ ЗАМОРОЖЕННЫЕ ВЕСОВЫЕ,CCCCCC
7,01.031.0105.0048,01.031.0105,БЛИНЫ ЗАМОРОЖЕННЫЕ,CCCCCC
7,01.031.0105.0199,01.031.0105,ДРУГИЕ П/Ф ИЗ ТЕСТА ЗАМОРОЖЕННЫЕ,CCCCCC
7,01.031.0105.0411,01.031.0105,ЛАЗАНЬЯ ЗАМОРОЖЕННАЯ,CCCCCC
7,01.031.0105.0598,01.031.0105,ПИРОГИ ЗАМОРОЖЕННЫЕ,CCCCCC
7,01.031.0105.0612,01.031.0105,ПИЦЦА ЗАМОРОЖЕННАЯ,CCCCCC
7,01.031.0105.0862,01.031.0105,ТЕСТО ЗАМОРОЖЕННОЕ,CCCCCC
7,01.031.0136.0658,01.031.0136,П/Ф ДРУГИЕ ЗАМОРОЖЕННЫЕ,CCCCCC
7,01.031.0136.0659,01.031.0136,П/Ф ИЗ МЯСА ЖИВОТНЫХ ЗАМОРОЖЕННЫЕ,CCCCCC
7,01.031.0136.0660,01.031.0136,П/Ф ИЗ ОВОЩЕЙ ЗАМОРОЖЕННЫЕ,CCCCCC
7,01.031.0136.0661,01.031.0136,П/Ф ИЗ ПТИЦЫ ЗАМОРОЖЕННЫЕ,CCCCCC
7,01.033.0101.0476,01.033.0101,МОРСКАЯ КАПУСТА БЕЗ ДОБАВОК,CCCCCC
7,01.033.0101.0477,01.033.0101,МОРСКАЯ КАПУСТА С ДОБАВКАМИ,CCCCCC
7,01.033.0142.0640,01.033.0142,ПРЕСЕРВЫ ИЗ МОРЕПРОДУКТОВ,CCCCCC
7,01.033.0142.0641,01.033.0142,ПРЕСЕРВЫ РЫБНЫЕ,CCCCCC
7,01.033.0146.0649,01.033.0146,ПРОДУКТЫ ИЗ СУРИМИ,CCCCCC
7,01.034.0040.0201,01.034.0040,ДРУГИЕ СНЕКИ,CCCCCC
7,01.034.0118.0546,01.034.0118,ОРЕХИ СОЛЕНЫЕ ВЕСОВЫЕ,CCCCCC
7,01.034.0118.0547,01.034.0118,ОРЕХИ СОЛЕНЫЕ ФАСОВАННЫЕ,CCCCCC
7,01.034.0138.0619,01.034.0138,ПО ДРУГИЕ СНЕКИ,CCCCCC
7,01.034.0138.0626,01.034.0138,ПО ОРЕХИ ВЕСОВЫЕ,CCCCCC
7,01.034.0138.0637,01.034.0138,ПО СУХАРИКИ ВЕСОВЫЕ,CCCCCC
7,01.034.0138.0638,01.034.0138,ПО ЧИПСЫ ВЕСОВЫЕ,CCCCCC
7,01.034.0171.0760,01.034.0171,СНЕКИ ИЗ МОРЕПРОДУКТОВ В УПАКОВКЕ,CCCCCC
7,01.034.0171.0759,01.034.0171,СНЕКИ ИЗ МОРЕПРОДУКТОВ ВЕСОВЫЕ,CCCCCC
7,01.034.0171.0764,01.034.0171,СНЕКИ РЫБНЫЕ В УПАКОВКЕ,CCCCCC
7,01.034.0171.0765,01.034.0171,СНЕКИ РЫБЫНЕ ВЕСОВЫЕ,CCCCCC
7,01.034.0193.0824,01.034.0193,СУХАРИКИ В УПАКОВКЕ,CCCCCC
7,01.034.0193.0823,01.034.0193,СУХАРИКИ ВЕСОВЫЕ,CCCCCC
7,01.034.0214.0936,01.034.0214,ЧИПСЫ ДРУГИЕ,CCCCCC
7,01.034.0214.0937,01.034.0214,ЧИПСЫ КАРТОФЕЛЬНЫЕ,CCCCCC
7,01.035.0106.0416,01.035.0106,ЛЕПНЫЕ ИЗДЕЛИЯ ОХЛАЖДЕННЫЕ,CCCCCC
7,01.035.0109.0732,01.035.0109,БАРАНИНА В МАРИНАДЕ ОХЛАЖДЕННАЯ,CCCCCC
7,01.035.0109.0034,01.035.0109,БАРАНИНА ПОЛУФАБРИКАТЫ КРУПНОКУСКОВЫЕ ОХЛАЖДЕННЫЕ,CCCCCC
7,01.035.0109.0035,01.035.0109,БАРАНИНА ПОЛУФАБРИКАТЫ МЕЛКОКУСКОВЫЕ ОХЛАЖДЕННЫЕ,CCCCCC
7,01.035.0109.0036,01.035.0109,БАРАНИНА ПОЛУФАБРИКАТЫ ПОРЦИОННЫЕ ОХЛАЖДЕННЫЕ,CCCCCC
7,01.035.0109.0037,01.035.0109,БАРАНИНА СУБПРОДУКТЫ ОХЛАЖДЕННЫЕ,CCCCCC
7,01.035.0109.0128,01.035.0109,ГОВЯДИНА В МАРИНАДЕ ОХЛАЖДЕННАЯ,CCCCCC
7,01.035.0109.0130,01.035.0109,ГОВЯДИНА ПОЛУФАБРИКАТЫ КРУПНОКУСКОВЫЕ ОХЛАЖДЕННЫЕ,CCCCCC
7,01.035.0109.0131,01.035.0109,ГОВЯДИНА ПОЛУФАБРИКАТЫ МЕЛКОКУСКОВЫЕ ОХЛАЖДЕННЫЕ,CCCCCC
7,01.035.0109.0132,01.035.0109,ГОВЯДИНА ПОЛУФАБРИКАТЫ ПОРЦИОННЫЕ ОХЛАЖДЕННЫЕ,CCCCCC
7,01.035.0109.0133,01.035.0109,ГОВЯДИНА ПОЛУФАБРИКАТЫ РУБЛЕНЫЕ ОХЛАЖДЕННЫЕ,CCCCCC
7,01.035.0109.0135,01.035.0109,ГОВЯДИНА СУБПРОДУКТЫ ОХЛАЖДЕННЫЕ,CCCCCC
7,01.035.0109.0137,01.035.0109,ГОВЯДИНА ФАРШ ОХЛАЖДЕННЫЙ,CCCCCC
7,01.035.0109.0206,01.035.0109,ДРУГОЕ МЯСО В МАРИНАДЕ ОХЛАЖДЕННОЕ,CCCCCC
7,01.035.0109.0208,01.035.0109,ДРУГОЕ МЯСО ПОЛУФАБРИКАТЫ КРУПНОКУСКОВЫЕ ОХЛАЖДЕННЫЕ,CCCCCC
7,01.035.0109.0210,01.035.0109,ДРУГОЕ МЯСО ПОЛУФАБРИКАТЫ ПОРЦИОННЫЕ ОХЛАЖДЕННЫЕ,CCCCCC
7,01.035.0109.0211,01.035.0109,ДРУГОЕ МЯСО ПОЛУФАБРИКАТЫ РУБЛЕНЫЕ ОХЛАЖДЕННЫЕ,CCCCCC
7,01.035.0109.0214,01.035.0109,ДРУГОЕ МЯСО ТУШКИ ОХЛАЖДЕННЫЕ,CCCCCC
7,01.035.0109.0215,01.035.0109,ДРУГОЕ МЯСО ФАРШ ОХЛАЖДЕННЫЙ,CCCCCC
7,01.035.0109.0721,01.035.0109,СВИНИНА В МАРИНАДЕ ОХЛАЖДЕННАЯ,CCCCCC
7,01.035.0109.0723,01.035.0109,СВИНИНА ПОЛУФАБРИКАТЫ КРУПНОКУСКОВЫЕ ОХЛАЖДЕННЫЕ,CCCCCC
7,01.035.0109.0725,01.035.0109,СВИНИНА ПОЛУФАБРИКАТЫ МЕЛКОКУСКОВЫЕ ОХЛАЖДЕННЫЕ,CCCCCC
7,01.035.0109.0726,01.035.0109,СВИНИНА ПОЛУФАБРИКАТЫ ПОРЦИОННЫЕ ОХЛАЖДЕННЫЕ,CCCCCC
7,01.035.0109.0727,01.035.0109,СВИНИНА ПОЛУФАБРИКАТЫ РУБЛЕНЫЕ ОХЛАЖДЕННЫЕ,CCCCCC
7,01.035.0109.0729,01.035.0109,СВИНИНА СУБПРОДУКТЫ ОХЛАЖДЕННЫЕ,CCCCCC
7,01.035.0109.0731,01.035.0109,СВИНИНА ФАРШ ОХЛАЖДЕННЫЙ,CCCCCC
7,01.035.0111.0182,01.035.0111,ДРУГАЯ ПТИЦА РАЗДЕЛКА ОХЛАЖДЕННАЯ,CCCCCC
7,01.035.0111.0184,01.035.0111,ДРУГАЯ ПТИЦА СУБПРОДУКТЫ ОХЛАЖДЕННЫЕ,CCCCCC
7,01.035.0111.0186,01.035.0111,ДРУГАЯ ПТИЦА ТУШКА ОХЛАЖДЕННАЯ,CCCCCC
7,01.035.0111.0409,01.035.0111,ИНДЕЙКА МЯСО В МАРИНАДЕ ОХЛАЖДЕННОЕ,CCCCCC
7,01.035.0111.0265,01.035.0111,ИНДЕЙКА ПОЛУФАБРИКАТЫ ОХЛАЖДЕННЫЕ,CCCCCC
7,01.035.0111.0267,01.035.0111,ИНДЕЙКА РАЗДЕЛКА ОХЛАЖДЕННАЯ,CCCCCC
7,01.035.0111.0269,01.035.0111,ИНДЕЙКА СУБПРОДУКТЫ ОХЛАЖДЕННЫЕ,CCCCCC
7,01.035.0111.0271,01.035.0111,ИНДЕЙКА ТУШКА ОХЛАЖДЕННАЯ,CCCCCC
7,01.035.0111.0273,01.035.0111,ИНДЕЙКА ФАРШ ОХЛАЖДЕННЫЙ,CCCCCC
7,01.035.0111.0399,01.035.0111,КУРЫ МЯСО В МАРИНАДЕ ОХЛАЖДЕННОЕ,CCCCCC
7,01.035.0111.0400,01.035.0111,КУРЫ ПОЛУФАБРИКАТЫ ОХЛАЖДЕННЫЕ,CCCCCC
7,01.035.0111.0402,01.035.0111,КУРЫ РАЗДЕЛКА ОХЛАЖДЕННАЯ,CCCCCC
7,01.035.0111.0404,01.035.0111,КУРЫ СУБПРОДУКТЫ ОХЛАЖДЕННЫЕ,CCCCCC
7,01.035.0111.0406,01.035.0111,КУРЫ ТУШКА ОХЛАЖДЕННАЯ,CCCCCC
7,01.035.0111.0408,01.035.0111,КУРЫ ФАРШ ОХЛАЖДЕННЫЙ,CCCCCC
7,01.036.0170.0395,01.036.0170,КУКУРУЗНЫЕ ПАЛОЧКИ,CCCCCC
7,01.036.0170.0627,01.036.0170,ПОП-КОРН,CCCCCC
7,01.036.0202.0494,01.036.0202,МЮСЛИ,CCCCCC
7,01.036.0202.0827,01.036.0202,СУХИЕ ЗАВТРАКИ ДЛЯ ДЕТЕЙ И ВЗРОСЛЫХ,CCCCCC
7,01.036.0202.0916,01.036.0202,"ХЛЕБЦЫ, СЛАЙСЫ",CCCCCC
7,01.037.0010.0562,01.037.0010,ПАРАФАРМАЦЕВТИЧЕСКИЕ СРЕДСТВА ГИГИЕНЫ И КОСМЕТИКИ,CCCCCC
7,01.037.0087.0293,01.037.0087,КАРТЫ СУПРА,CCCCCC
7,01.037.0087.0397,01.037.0087,"КУПОНЫ, СКИДКИ",CCCCCC
7,01.037.0120.0560,01.037.0120,ПАКЕТЫ,CCCCCC
7,01.037.0120.0675,01.037.0120,РАСХОДНЫЕ МАТЕРИАЛЫ БЕСПЛАТНЫЕ,CCCCCC
7,01.037.0132.0292,01.037.0132,КАРТЫ АВАНСОВЫХ ПЛАТЕЖЕЙ,CCCCCC
7,01.037.0141.0019,01.037.0141,АРОМАТИЗАТОРЫ,CCCCCC
7,01.037.0141.0125,01.037.0141,ГЕЛЬ ДЛЯ РУК,CCCCCC
7,01.037.0141.0639,01.037.0141,ПРЕЗЕРВАТИВЫ,CCCCCC
7,01.037.0141.0863,01.037.0141,ТЕСТЫ,CCCCCC
7,01.038.0060.0867,01.038.0060,КЕТЧУПЫ,CCCCCC
7,01.038.0060.0439,01.038.0060,МАРИНАДЫ,CCCCCC
7,01.038.0060.0866,01.038.0060,ТОМАТНАЯ ПАСТА,CCCCCC
7,01.038.0090.0421,01.038.0090,МАЙОНЕЗНЫЕ СОУСЫ ХОЛОДНЫЕ,CCCCCC
7,01.038.0090.0422,01.038.0090,МАЙОНЕЗЫ КЛАССИЧЕСКИЕ,CCCCCC
7,01.038.0090.0423,01.038.0090,МАЙОНЕЗЫ ЛЕГКИЕ,CCCCCC
7,01.038.0090.0424,01.038.0090,МАЙОНЕЗЫ НА ПЕРЕПЕЛИННЫХ ЯЙЦАХ,CCCCCC
7,01.038.0090.0425,01.038.0090,МАЙОНЕЗЫ ОЛИВКОВЫЕ,CCCCCC
7,01.038.0090.0426,01.038.0090,МАЙОНЕЗЫ С ДОБАВКАМИ,CCCCCC
7,01.038.0090.0427,01.038.0090,МАЙОНЕЗЫ С ЛИМОННЫМ СОКОМ,CCCCCC
7,01.038.0175.0139,01.038.0175,ГОРЧИЦА,CCCCCC
7,01.038.0175.0782,01.038.0175,СОУСЫ ДРУГИЕ,CCCCCC
7,01.038.0175.0922,01.038.0175,ХРЕН,CCCCCC
7,01.039.0197.0836,01.039.0197,СЫРЫ ВЕСОВЫЕ КОЛБАСНЫЕ,CCCCCC
7,01.039.0197.0837,01.039.0197,СЫРЫ ВЕСОВЫЕ ПОЛУТВЕРДЫЕ,CCCCCC
7,01.039.0197.0838,01.039.0197,СЫРЫ ВЕСОВЫЕ РАССОЛЬНЫЕ И СВЕЖИЕ,CCCCCC
7,01.039.0197.0839,01.039.0197,СЫРЫ ВЕСОВЫЕ С ПЛЕСЕНЬЮ,CCCCCC
7,01.039.0197.0840,01.039.0197,СЫРЫ ВЕСОВЫЕ ТВЕРДЫЕ,CCCCCC
7,01.039.0198.0842,01.039.0198,СЫРЫ В УПАКОВКЕ К ПИВУ,CCCCCC
7,01.039.0198.0841,01.039.0198,СЫРЫ В УПАКОВКЕ КОЛБАСНЫЕ,CCCCCC
7,01.039.0198.0843,01.039.0198,"СЫРЫ В УПАКОВКЕ МЯГКИЕ (СЛИВОЧНЫЕ, ТВОРОЖНЫЕ)",CCCCCC
7,01.039.0198.0844,01.039.0198,СЫРЫ В УПАКОВКЕ ПЛАВЛЕНЫЕ,CCCCCC
7,01.039.0198.0845,01.039.0198,СЫРЫ В УПАКОВКЕ ПОЛУТВЕРДЫЕ,CCCCCC
7,01.039.0198.0846,01.039.0198,СЫРЫ В УПАКОВКЕ РАССОЛЬНЫЕ И СВЕЖИЕ,CCCCCC
7,01.039.0198.0847,01.039.0198,СЫРЫ В УПАКОВКЕ РАСТИТЕЛЬНЫЕ,CCCCCC
7,01.039.0198.0848,01.039.0198,СЫРЫ В УПАКОВКЕ С ПЛЕСЕНЬЮ,CCCCCC
7,01.039.0198.0849,01.039.0198,СЫРЫ В УПАКОВКЕ ТВЕРДЫЕ,CCCCCC
7,01.039.0198.0850,01.039.0198,СЫРЫ В УПАКОВКЕ ТЕРТЫЕ,CCCCCC
7,01.040.0006.0228,01.040.0006,ЗАЖИГАЛКИ,CCCCCC
7,01.040.0165.0735,01.040.0165,СИГАРЕТЫ JTI,CCCCCC
7,01.040.0165.0736,01.040.0165,СИГАРЕТЫ PHILLIP MORRIS,CCCCCC
7,01.040.0165.0737,01.040.0165,СИГАРЕТЫ REEMTSMA,CCCCCC
7,01.040.0165.0738,01.040.0165,СИГАРЕТЫ В.А.Т.,CCCCCC
7,01.040.0165.0739,01.040.0165,СИГАРЕТЫ ОТК,CCCCCC
7,01.040.0199.0740,01.040.0199,СИГАРИЛЛЫ,CCCCCC
7,01.040.0199.0741,01.040.0199,СИГАРЫ,CCCCCC
7,01.040.0199.0851,01.040.0199,ТАБАК,CCCCCC
7,01.040.0221.0959,01.040.0221,ЭЛЕКТРОННЫЕ СИГАРЕТЫ,CCCCCC
7,01.041.0042.0010,01.041.0042,АКСЕССУАРЫ ДЛЯ ЖИВОТНЫХ,CCCCCC
7,01.041.0042.0102,01.041.0042,ВИТАМИНЫ,CCCCCC
7,01.041.0042.0127,01.041.0042,ГИГИЕНИЧЕСКИЕ НАПОЛНИТЕЛИ,CCCCCC
7,01.041.0081.0197,01.041.0081,ДРУГИЕ ПРОДУКТЫ ДЛЯ КОШЕК,CCCCCC
7,01.041.0081.0357,01.041.0081,КОРМА ДЛЯ КОШЕК КОНСЕРВИРОВАННЫЕ,CCCCCC
7,01.041.0081.0358,01.041.0081,КОРМА ДЛЯ КОШЕК СУХИЕ,CCCCCC
7,01.041.0082.0198,01.041.0082,ДРУГИЕ ПРОДУКТЫ ДЛЯ СОБАК,CCCCCC
7,01.041.0082.0359,01.041.0082,КОРМА ДЛЯ СОБАК КОНСЕРВИРОВАННЫЕ,CCCCCC
7,01.041.0082.0360,01.041.0082,КОРМА ДЛЯ СОБАК СУХИЕ,CCCCCC
7,01.041.0080.0361,01.041.0080,КОРМ ДЛЯ ГРЫЗУНОВ,CCCCCC
7,01.041.0080.0362,01.041.0080,КОРМ ДЛЯ ПТИЦ,CCCCCC
7,01.041.0080.0363,01.041.0080,КОРМ ДЛЯ РЫБ,CCCCCC
7,01.042.0030.0144,01.042.0030,ГРИБЫ СВЕЖИЕ,CCCCCC
7,01.042.0030.0145,01.042.0030,ГРИБЫ СУШЕНЫЕ,CCCCCC
7,01.042.0046.0236,01.042.0046,ЗЕЛЕНЬ В ГОРШОЧКАХ,CCCCCC
7,01.042.0046.0237,01.042.0046,ЗЕЛЕНЬ СРЕЗКА,CCCCCC
7,01.042.0046.0535,01.042.0046,ОВОЩНЫЕ НАБОРЫ,CCCCCC
7,01.042.0046.0705,01.042.0046,САЛАТЫ,CCCCCC
7,01.042.0047.0238,01.042.0047,ЗЕРНА ПРОРОЩЕННЫЕ 1,CCCCCC
7,01.042.0114.0363,01.042.0114,КОРНЕПЛОДЫ ВЕСОВЫЕ,CCCCCC
7,01.042.0114.0364,01.042.0114,КОРНЕПЛОДЫ ШТУЧНЫЕ,CCCCCC
7,01.042.0114.0531,01.042.0114,ОВОЩИ ВЕСОВЫЕ,CCCCCC
7,01.042.0114.0534,01.042.0114,ОВОЩИ ШТУЧНЫЕ,CCCCCC
7,01.042.0114.0955,01.042.0114,ЭКЗОТИЧЕСКИЕ ОВОЩИ,CCCCCC
7,01.042.0196.0514,01.042.0196,НАБОРЫ-ОСТРОВ,CCCCCC
7,01.042.0196.0545,01.042.0196,ОРЕХИ-ОСТРОВ,CCCCCC
7,01.042.0196.0783,01.042.0196,СПЕЦИИ-ОСТРОВ,CCCCCC
7,01.042.0196.0832,01.042.0196,СУХОФРУКТЫ-ОСТРОВ 1,CCCCCC
7,01.042.0196.0925,01.042.0196,ЦУКАТЫ-ОСТРОВ,CCCCCC
7,01.042.0208.0903,01.042.0208,ФРУКТЫ КОСТОЧКОВЫЕ,CCCCCC
7,01.042.0208.0904,01.042.0208,ФРУКТЫ СЕМЕЧКОВЫЕ,CCCCCC
7,01.042.0208.0905,01.042.0208,ФРУКТЫ СУБТРОПИЧЕСКИЕ,CCCCCC
7,01.042.0208.0906,01.042.0208,ФРУКТЫ ТРОПИЧЕСКИЕ,CCCCCC
7,01.042.0208.0907,01.042.0208,ФРУКТЫ ЦИТРУСОВЫЕ,CCCCCC
7,01.042.0212.0923,01.042.0212,ЦВЕТЫ В ГОРШОЧКЕ,CCCCCC
7,01.042.0212.0924,01.042.0212,ЦВЕТЫ СРЕЗКА,CCCCCC
7,01.042.0224.0963,01.042.0224,ЯГОДЫ СВЕЖИЕ,CCCCCC
7,01.043.0041.0196,01.043.0041,ДРУГИЕ НАПИТКИ ГОРЯЧИЕ,CCCCCC
7,01.043.0057.0281,01.043.0057,КАКАО ДРУГОЕ,CCCCCC
7,01.043.0057.0282,01.043.0057,КАКАО НАПИТОК,CCCCCC
7,01.043.0057.0283,01.043.0057,КАКАО ПОРОШОК,CCCCCC
7,01.043.0083.0217,01.043.0083,ДРУГОЙ КОФЕ,CCCCCC
7,01.043.0083.0369,01.043.0083,КОФЕ ЗЕРНОВОЙ,CCCCCC
7,01.043.0083.0372,01.043.0083,КОФЕ МОЛОТЫЙ,CCCCCC
7,01.043.0083.0373,01.043.0083,КОФЕ РАСТВОРИМЫЙ,CCCCCC
7,01.043.0083.0370,01.043.0083,КОФЕЙНЫЕ НАПИТКИ,CCCCCC
7,01.043.0139.0629,01.043.0139,ПОРЦИОННЫЕ НАПИТКИ КАКАО,CCCCCC
7,01.043.0139.0630,01.043.0139,ПОРЦИОННЫЕ НАПИТКИ КОФЕ,CCCCCC
7,01.043.0139.0631,01.043.0139,ПОРЦИОННЫЕ НАПИТКИ ЧАЙ,CCCCCC
7,01.043.0213.0926,01.043.0213,"ЧАИ ЛИСТОВОЙ ТРАВЯНЫЕ, ФРУКТОВЫЕ СМЕСИ",CCCCCC
7,01.043.0213.0927,01.043.0213,"ЧАИ ПАКЕТИРОВАННЫЙ ТРАВЯНЫЕ, ФРУКТОВЫЕ СМЕСИ",CCCCCC
7,01.043.0213.0928,01.043.0213,"ЧАЙ В ПОДАРОЧНОЙ УПАКОВКЕ, НАБОРЫ",CCCCCC
7,01.043.0213.0929,01.043.0213,ЧАЙ ЛИСТОВОЙ ЗЕЛЕНЫЙ,CCCCCC
7,01.043.0213.0930,01.043.0213,ЧАЙ ЛИСТОВОЙ ЧЕРНЫЙ,CCCCCC
7,01.043.0213.0932,01.043.0213,ЧАЙ ПАКЕТИРОВАННЫЙ ЗЕЛЕНЫЙ,CCCCCC
7,01.043.0213.0933,01.043.0213,ЧАЙ ПАКЕТИРОВАННЫЙ ЧЕРНЫЙ,CCCCCC
7,01.043.0213.0934,01.043.0213,ЧАЙ РАСТВОРИМЫЙ,CCCCCC
7,01.044.0225.0965,01.044.0225,ЯЙЦО КУРИНОЕ ВАЛОВОЕ,CCCCCC
7,01.044.0225.0966,01.044.0225,ЯЙЦО КУРИНОЕ УПАКОВАННОЕ,CCCCCC
7,01.044.0225.0967,01.044.0225,ЯЙЦО ПРОЧЕЕ,CCCCCC
7,02.004.0119.0021,02.004.0119,АРОМАТИЗАТОРЫ ВОЗДУХА БЛОК,CCCCCC
7,02.004.0119.0548,02.004.0119,ОСВЕЖИТЕЛИ ВОЗДУХА АВТОМАТИЧЕСКИЕ,CCCCCC
7,02.004.0119.0549,02.004.0119,ОСВЕЖИТЕЛИ ВОЗДУХА СПРЕЙ,CCCCCC
7,02.004.0180.0226,02.004.0180,ЖИДКИЕ МОЮЩИЕ СРЕДСТВА,CCCCCC
7,02.004.0180.0794,02.004.0180,СРЕДСТВА ДЛЯ МЫТЬЯ ПОСУДЫ ДРУГИЕ,CCCCCC
7,02.004.0180.0793,02.004.0180,СРЕДСТВА ДЛЯ ПОСУДОМОЕЧНЫХ МАШИН,CCCCCC
7,02.004.0181.0016,02.004.0181,АНТИКИПИНЫ,CCCCCC
7,02.004.0181.0797,02.004.0181,СРЕДСТВА ДЛЯ СТИРКИ ДЕТСКИЕ,CCCCCC
7,02.004.0181.0798,02.004.0181,СРЕДСТВА ДЛЯ СТИРКИ ДРУГИЕ,CCCCCC
7,02.004.0181.0799,02.004.0181,СРЕДСТВА ДЛЯ СТИРКИ ЖИДКИЕ,CCCCCC
7,02.004.0181.0800,02.004.0181,СРЕДСТВА ДЛЯ СТИРКИ СПЕЦИАЛЬНЫЕ,CCCCCC
7,02.004.0181.0801,02.004.0181,СРЕДСТВА ДЛЯ СТИРКИ СУХИЕ,CCCCCC
7,02.004.0185.0013,02.004.0185,АКССЕСУАРЫ ДЛЯ ОБУВИ,CCCCCC
7,02.004.0185.0147,02.004.0185,"ГУБКИ,ЩЕТКИ ДЛЯ УХОДА ЗА ОБУВЬЮ",CCCCCC
7,02.004.0185.0374,02.004.0185,КРАСКА ДЛЯ УХОДА ЗА ОБУВЬЮ,CCCCCC
7,02.004.0185.0784,02.004.0185,СПЕЦСРЕДСТВА  ДЛЯ УХОДА ЗА ОБУВЬЮ,CCCCCC
7,02.004.0190.0017,02.004.0190,АНТИСТАТИКИ,CCCCCC
7,02.004.0190.0022,02.004.0190,АРОМАТИЗАТОРЫ ДЛЯ ОДЕЖДЫ,CCCCCC
7,02.004.0190.0333,02.004.0190,КОНДИЦИОНЕРЫ И ОПОЛАСКИВАТЕЛИ,CCCCCC
7,02.004.0190.0551,02.004.0190,ОТБЕЛИВАТЕЛИ И ПЯТНОВЫВОДИТЕЛИ,CCCCCC
7,02.004.0190.0805,02.004.0190,СРЕДСТВА ПО УХОДУ ЗА ДЕТСКОЙ ОДЕЖДОЙ,CCCCCC
7,02.004.0190.0809,02.004.0190,СРЕДСТВА ПО УХОДУ ЗА ОДЕЖДОЙ ДРУГИЕ,CCCCCC
7,02.004.0190.0917,02.004.0190,ХОЗЯЙСТВЕННОЕ МЫЛО,CCCCCC
7,02.004.0215.0049,02.004.0215,БЛОЧНЫЕ СРЕДСТВА ДЛЯ УНИТАЗА И В БАЧОК,CCCCCC
7,02.004.0215.0480,02.004.0215,МОЮЩИЕ СРЕДСТВА ДЛЯ ОКОН,CCCCCC
7,02.004.0215.0481,02.004.0215,МОЮЩИЕ СРЕДСТВА ДЛЯ ПОЛОВ,CCCCCC
7,02.004.0215.0792,02.004.0215,СРЕДСТВА ДЛЯ ОЧИСТКИ КУХОННЫХ ПОВЕРХНОСТЕЙ,CCCCCC
7,02.004.0215.0794,02.004.0215,СРЕДСТВА ДЛЯ ПРОЧИСТКИ ТРУБ,CCCCCC
7,02.004.0215.0795,02.004.0215,СРЕДСТВА ДЛЯ САНТЕХНИКИ ЖИДКИЕ,CCCCCC
7,02.004.0215.0796,02.004.0215,СРЕДСТВА ДЛЯ САНТЕХНИКИ СУХИЕ,CCCCCC
7,02.004.0215.0807,02.004.0215,СРЕДСТВА ПО УХОДУ ЗА МЕБЕЛЬЮ И КОВРАМИ,CCCCCC
7,02.004.0215.0812,02.004.0215,"СРЕДСТВА ПО УХОДУ ЗА ЭЛЕКТРОПЛИТАМИ, ДУХОВКАМИ, СВЧ, ХОЛОДИЛЬНИКАМИ",CCCCCC
7,02.004.0215.0938,02.004.0215,ЧИСТЯЩИЕ СРЕДСТВА ДРУГИЕ,CCCCCC
7,02.008.0037.0055,02.008.0037,ВАТНЫЕ ПАЛОЧКИ/ДИСКИ ДЕТСКИЕ,CCCCCC
7,02.008.0037.0615,02.008.0037,ПОДГУЗНИКИ,CCCCCC
7,02.008.0037.0711,02.008.0037,САЛФЕТКИ,CCCCCC
7,02.008.0084.0180,02.008.0084,ДРУГАЯ ДЕТСКАЯ ГИГИЕНА,CCCCCC
7,02.008.0084.0377,02.008.0084,"КРЕМА, МАСЛА ДЕТСКИЕ",CCCCCC
7,02.008.0122.0365,02.008.0122,КОСМЕТИКА ДЕТСКАЯ,CCCCCC
7,02.008.0178.0490,02.008.0178,МЫЛО ДЕТСКОЕ,CCCCCC
7,02.008.0178.0790,02.008.0178,СРЕДСТВА ДЛЯ КУПАНИЯ ДЕТСКИЕ,CCCCCC
7,02.008.0178.0941,02.008.0178,ШАМПУНИ ДЕТСКИЕ,CCCCCC
7,02.008.0187.0202,02.008.0187,ДРУГИЕ СРЕДСТВА ПО УХОДУ ЗА ПОЛОСТЬЮ РТА ДЕТСКИЕ,CCCCCC
7,02.008.0187.0242,02.008.0187,ЗУБНЫЕ ПАСТЫ ДЕТСКИЕ,CCCCCC
7,02.008.0187.0243,02.008.0187,ЗУБНЫЕ ЩЕТКИ ДЕТСКИЕ,CCCCCC
7,02.028.0012.0101,02.028.0012,ВИТАМИННЫЕ КОМПЛЕКСЫ,CCCCCC
7,02.028.0177.0170,02.028.0177.0787,ДИАГНОСТИКА,CCCCCC
7,02.028.0177.0366,02.028.0177.0787,КОСМЕТИКА ЛЕЧЕБНАЯ,CCCCCC
7,02.028.0177.0575,02.028.0177.0787,ПЕРВАЯ ПОМОЩЬ,CCCCCC
7,02.028.0177.0787,02.028.0177.0787,СРЕДСТВА ГИГИЕНЫ И КОСМЕТИКИ,CCCCCC
7,02.029.0032.0148,02.029.0032,ДЕЗОДОРАНТЫ ЖЕНСКИЕ,CCCCCC
7,02.029.0032.0149,02.029.0032,ДЕЗОДОРАНТЫ МУЖСКИЕ,CCCCCC
7,02.029.0033.0047,02.029.0033,БЛЕСК ДЛЯ ГУБ,CCCCCC
7,02.029.0033.0179,02.029.0033,ДРУГАЯ ДЕКОРАТИВНАЯ КОСМЕТИКА,CCCCCC
7,02.029.0033.0288,02.029.0033,КАРАНДАШИ ДЛЯ БРОВЕЙ,CCCCCC
7,02.029.0033.0289,02.029.0033,КАРАНДАШИ ДЛЯ ВЕК,CCCCCC
7,02.029.0033.0290,02.029.0033,КАРАНДАШИ ДЛЯ ГУБ,CCCCCC
7,02.029.0033.0509,02.029.0033,НАБОРЫ ДЕКОРАТИВНОЙ КОСМЕТИКИ УНИВЕРСАЛЬНЫЕ,CCCCCC
7,02.029.0033.0623,02.029.0033,ПОМАДА ДЛЯ ГУБ,CCCCCC
7,02.029.0033.0680,02.029.0033,РУМЯНА,CCCCCC
7,02.029.0033.0813,02.029.0033,СРЕДСТВА ТОНИРУЮЩИЕ,CCCCCC
7,02.029.0033.0886,02.029.0033,ТУШЬ ДЛЯ РЕСНИЦ,CCCCCC
7,02.029.0107.0491,02.029.0107,МЫЛО ТУАЛЕТНОЕ  ЖИДКОЕ,CCCCCC
7,02.029.0107.0492,02.029.0107,МЫЛО ТУАЛЕТНОЕ КУСКОВОЕ,CCCCCC
7,02.029.0107.0493,02.029.0107,МЫЛО ХОЗЯЙСТВЕННОЕ,CCCCCC
7,02.029.0107.0789,02.029.0107,СРЕДСТВА ДЛЯ ИНТИМНОЙ ГИГИЕНЫ,CCCCCC
7,02.029.0121.0564,02.029.0121,ПАРФЮМЕРИЯ ЖЕНСКАЯ,CCCCCC
7,02.029.0121.0565,02.029.0121,ПАРФЮМЕРИЯ МУЖСКАЯ,CCCCCC
7,02.029.0163.0515,02.029.0163,НАБОРЫ ПАРФЮМЕРНЫЕ ДЕТСКИЕ,CCCCCC
7,02.029.0163.0516,02.029.0163,НАБОРЫ ПАРФЮМЕРНЫЕ ЖЕНСКИЕ,CCCCCC
7,02.029.0163.0517,02.029.0163,НАБОРЫ ПАРФЮМЕРНЫЕ МУЖСКИЕ,CCCCCC
7,02.029.0179.0124,02.029.0179,ГЕЛИ ДЛЯ ДУША,CCCCCC
7,02.029.0179.0574,02.029.0179,"ПЕНЫ, СОЛИ ДЛЯ ВАНН",CCCCCC
7,02.029.0182.0223,02.029.0182,ЖЕНСКИЕ СРЕДСТВА ДО И ПОСЛЕ БРИТЬЯ,CCCCCC
7,02.029.0182.0482,02.029.0182,МУЖСКИЕ СРЕДСТВА ДО И ПОСЛЕ БРИТЬЯ,CCCCCC
7,02.029.0183.0791,02.029.0183,СРЕДСТВА ДЛЯ ОКРАСКИ ВОЛОС,CCCCCC
7,02.029.0183.0803,02.029.0183,СРЕДСТВА ДЛЯ УКЛАДКИ ВОЛОС,CCCCCC
7,02.029.0183.0940,02.029.0183,"ШАМПУНИ, БАЛЬЗАМЫ, СПЕЦИАЛЬНЫЙ УХОД",CCCCCC
7,02.029.0184.0033,02.029.0184,БАЛЬЗАМЫ ДЛЯ ГУБ,CCCCCC
7,02.029.0184.0555,02.029.0184,ОЧИЩЕНИЕ ЗРЕЛОЙ КОЖИ,CCCCCC
7,02.029.0184.0556,02.029.0184,ОЧИЩЕНИЕ МОЛОДОЙ/ПРОБЛЕМНОЙ КОЖИ,CCCCCC
7,02.029.0184.0557,02.029.0184,ОЧИЩЕНИЕ УНИВЕРСАЛЬНЫЕ СРЕДСТВА,CCCCCC
7,02.029.0184.0887,02.029.0184,УВЛАЖНЕНИЕ ЗРЕЛОЙ КОЖИ,CCCCCC
7,02.029.0184.0888,02.029.0184,УВЛАЖНЕНИЕ МОЛОДОЙ/ПРОБЛЕМНОЙ КОЖИ,CCCCCC
7,02.029.0184.0889,02.029.0184,УВЛАЖНЕНИЕ УНИВЕРСАЛЬНЫЕ СРЕДСТВА,CCCCCC
7,02.029.0186.0540,02.029.0186,ОПОЛАСКИВАТЕЛИ ДЛЯ ПОЛОСТИ РТА,CCCCCC
7,02.029.0186.0566,02.029.0186,ПАСТЫ ЗУБНЫЕ,CCCCCC
7,02.029.0186.0952,02.029.0186,ЩЕТКИ ЗУБНЫЕ,CCCCCC
7,02.029.0188.0808,02.029.0188,СРЕДСТВА ПО УХОДУ ЗА НОГАМИ,CCCCCC
7,02.029.0188.0810,02.029.0188,СРЕДСТВА ПО УХОДУ ЗА РУКАМИ,CCCCCC
7,02.029.0189.0775,02.029.0189,СОЛНЦЕЗАЩИТНЫЕ СРЕДСТВА,CCCCCC
7,02.029.0189.0788,02.029.0189,СРЕДСТВА ДЛЯ ДЕПИЛЯЦИИ,CCCCCC
7,02.029.0189.0802,02.029.0189,СРЕДСТВА ДЛЯ ТЕЛА,CCCCCC
7,02.029.0191.0814,02.029.0191,СТАНКИ И ЛЕЗВИЯ ЖЕНСКИЕ,CCCCCC
7,02.029.0191.0815,02.029.0191,СТАНКИ И ЛЕЗВИЯ МУЖСКИЕ,CCCCCC
7,02.032.0043.0652,02.032.0043,ПРОКЛАДКИ ГИГИЕНИЧЕСКИЕ,CCCCCC
7,02.032.0043.0653,02.032.0043,ПРОКЛАДКИ ЕЖЕДНЕВНЫЕ,CCCCCC
7,02.032.0043.0852,02.032.0043,ТАМПОНЫ,CCCCCC
7,02.032.0160.0621,02.032.0160,ПОЛОТЕНЦА БУМАЖНЫЕ,CCCCCC
7,02.032.0160.0712,02.032.0160,САЛФЕТКИ БУМАЖНЫЕ,CCCCCC
7,02.032.0160.0713,02.032.0160,САЛФЕТКИ БУМАЖНЫЕ ДЕКОРАТИВНЫЕ,CCCCCC
7,02.032.0160.0743,02.032.0160,СКАТЕРТИ БУМАЖНЫЕ,CCCCCC
7,02.032.0205.0189,02.032.0205,ДРУГАЯ ТУАЛЕТНАЯ БУМАГА,CCCCCC
7,02.032.0205.0882,02.032.0205,ТУАЛЕТНАЯ БУМАГА ДВУХСЛОЙНАЯ,CCCCCC
7,02.032.0205.0883,02.032.0205,ТУАЛЕТНАЯ БУМАГА ОДНОСЛОЙНАЯ,CCCCCC
7,02.032.0205.0884,02.032.0205,ТУАЛЕТНАЯ БУМАГА ТРЕХСЛОЙНАЯ,CCCCCC
7,02.032.0207.0256,02.032.0207,ИЗДЕЛИЯ ИЗ ВАТЫ,CCCCCC
7,02.032.0207.0614,02.032.0207,ПЛАТКИ БУМАЖНЫЕ,CCCCCC
7,02.032.0207.0616,02.032.0207,ПОДГУЗНИКИ ДЛЯ ВЗРОСЛЫХ,CCCCCC
7,02.032.0207.0714,02.032.0207,САЛФЕТКИ ГИГИЕНИЧЕСКИЕ ВЛАЖНЫЕ,CCCCCC
7,04.001.0001.0004,04.001.0001,АВТОАКСЕССУАРЫ ДРУГИЕ,CCCCCC
7,04.001.0001.0154,04.001.0001,ДЕРЖАТЕЛИ,CCCCCC
7,04.001.0001.0234,04.001.0001,ЗАРЯДНЫЕ УСТРОЙСТВА,CCCCCC
7,04.001.0001.0311,04.001.0001,КОВРИКИ АВТОМОБИЛЬНЫЕ,CCCCCC
7,04.001.0001.0541,04.001.0001,ОРГАНАЙЗЕРЫ,CCCCCC
7,04.001.0001.0669,04.001.0001,РАЗВЕТВИТЕЛИ,CCCCCC
7,04.001.0001.0949,04.001.0001,ШТОРКИ СОЛНЦЕЗАЩИТНЫЕ,CCCCCC
7,04.001.0002.0020,04.001.0002,АРОМАТИЗАТОРЫ БУМАЖНЫЕ,CCCCCC
7,04.001.0002.0023,04.001.0002,АРОМАТИЗАТОРЫ ДРУГИЕ,CCCCCC
7,04.001.0002.0024,04.001.0002,АРОМАТИЗАТОРЫ НА ДЕФЛЕКТОР,CCCCCC
7,04.001.0002.0025,04.001.0002,АРОМАТИЗАТОРЫ НА ПАНЕЛЬ,CCCCCC
7,04.001.0002.0026,04.001.0002,АРОМАТИЗАТОРЫ ПОД СИДЕНИЕ,CCCCCC
7,04.001.0003.0006,04.001.0003,АВТОПРИБОРЫ ДРУГИЕ,CCCCCC
7,04.001.0003.0665,04.001.0003,"ВИДЕОРЕГИСТРАТОРЫ, РАДАР-ДЕТЕКТОРЫ, НАВИГАТОРЫ",CCCCCC
7,04.001.0003.0235,04.001.0003,ЗАРЯДНЫЕ УСТРОЙСТВА ДЛЯ АКБ,CCCCCC
7,04.001.0003.0330,04.001.0003,КОМПРЕССОРА,CCCCCC
7,04.001.0003.0525,04.001.0003,НАСОСЫ,CCCCCC
7,04.001.0003.0618,04.001.0003,ПОДОГРЕВ СИДЕНИЙ,CCCCCC
7,04.001.0003.0664,04.001.0003,ПЫЛЕСОСЫ ДЛЯ АВТО,CCCCCC
7,04.001.0004.0005,04.001.0004,АВТОИНСТРУМЕНТЫ,CCCCCC
7,04.001.0004.0007,04.001.0004,АВТОПРИНАДЛЕЖНОСТИ ДРУГИЕ,CCCCCC
7,04.001.0004.0146,04.001.0004,"ГУБКИ, САЛФЕТКИ",CCCCCC
7,04.001.0004.0172,04.001.0004,ДОМКРАТЫ,CCCCCC
7,04.001.0004.0412,04.001.0004,ЛАМПОЧКИ АВТОМОБИЛЬНЫЕ,CCCCCC
7,04.001.0004.0510,04.001.0004,НАБОРЫ ДЛЯ АВТОМОБИЛИСТОВ,CCCCCC
7,04.001.0004.0647,04.001.0004,ПРОВОДА ПРИКУРИВАНИЯ,CCCCCC
7,04.001.0004.0881,04.001.0004,ТРОС БУКСИРОВОЧНЫЙ,CCCCCC
7,04.001.0004.0896,04.001.0004,УТЕПЛИТЕЛИ ДВИГАТЕЛЯ,CCCCCC
7,04.001.0004.0954,04.001.0004,ЩЕТКИ СТЕКЛООЧИСТИТЕЛЯ,CCCCCC
7,04.001.0004.0953,04.001.0004,"ЩЕТКИ, СКРЕБКИ",CCCCCC
7,04.001.0005.0804,04.001.0005,СРЕДСТВА ПО УХОДУ ЗА АВТОМОБИЛЕМ ДРУГИЕ,CCCCCC
7,04.001.0005.0806,04.001.0005,СРЕДСТВА ПО УХОДУ ЗА ИНТЕРЬЕРОМ АВТОМОБИЛЯ,CCCCCC
7,04.001.0005.0811,04.001.0005,СРЕДСТВА ПО УХОДУ ЗА ЭКСТЕРЬЕРОМ АВТОМОБИЛЯ,CCCCCC
7,04.001.0216.0943,04.001.0216,ШИНЫ ЗИМНИЕ,CCCCCC
7,04.001.0219.0018,04.001.0219,"АНТИФРИЗЫ, ТОСОЛЫ",CCCCCC
7,04.001.0219.0203,04.001.0219,ДРУГИЕ ЭКСПЛУАТАЦИОННЫЕ ЖИДКОСТИ,CCCCCC
7,04.001.0219.0227,04.001.0219,ЖИДКОСТЬ БАЧКА ОМЫВАТЕЛЯ,CCCCCC
7,04.001.0219.0443,04.001.0219,МАСЛА МОТОРНЫЕ И ТРАНСМИССИОННЫЕ,CCCCCC
7,04.001.0219.0646,04.001.0219,"ПРИСАДКИ, ПРОМЫВКИ, ГЕРМЕТИКИ",CCCCCC
7,04.003.0011.0029,04.003.0011,АУДИО И ВИДЕО ТОВАРЫ АКСЕССУАРЫ,CCCCCC
7,04.003.0011.0028,04.003.0011,АУДИО-ВИДЕО ТОВАРЫ ДРУГИЕ,CCCCCC
7,04.003.0011.0030,04.003.0011,АУДИОТЕХНИКА ДЛЯ ДОМА,CCCCCC
7,04.003.0014.0060,04.003.0014,ВЕНТИЛЯТОРЫ,CCCCCC
7,04.003.0014.0177,04.003.0014,ДРУГАЯ БЫТОВАЯ ТЕХНИКА ДЛЯ ДОМА,CCCCCC
7,04.003.0014.0530,04.003.0014,ОБОГРЕВАТЕЛИ,CCCCCC
7,04.003.0014.0554,04.003.0014,ОЧИСТИТЕЛИ И УВЛАЖНИТЕЛИ ВОЗДУХА,CCCCCC
7,04.003.0014.0663,04.003.0014,ПЫЛЕСОСЫ,CCCCCC
7,04.003.0014.0897,04.003.0014,УТЮГИ,CCCCCC
7,04.003.0015.0188,04.003.0015,ДРУГАЯ ТЕХНИКА ДЛЯ КРАСОТЫ И УХОДА,CCCCCC
7,04.003.0015.0435,04.003.0015,МАНИКЮРНЫЕ НАБОРЫ,CCCCCC
7,04.003.0015.0454,04.003.0015,МАШИНКИ ДЛЯ СТРИЖКИ,CCCCCC
7,04.003.0015.0524,04.003.0015,НАПОЛЬНЫЕ ВЕСЫ,CCCCCC
7,04.003.0015.0899,04.003.0015,"ФЕНЫ, МУЛЬТИСТАЙЛЕРЫ, ЩИПЦЫ",CCCCCC
7,04.003.0015.0957,04.003.0015,ЭЛЕКТРОБРИТВЫ МУЖСКИЕ,CCCCCC
7,04.003.0015.0961,04.003.0015,ЭПИЛЯТОРЫ И ЭЛЕКТРОБРИТВЫ ЖЕНСКИЕ,CCCCCC
7,04.003.0016.0031,04.003.0016,АЭРОГРИЛИ,CCCCCC
7,04.003.0016.0046,04.003.0016,БЛЕНДЕРЫ,CCCCCC
7,04.003.0016.0178,04.003.0016,ДРУГАЯ БЫТОВАЯ ТЕХНИКА ДЛЯ КУХНИ,CCCCCC
7,04.003.0016.0275,04.003.0016,ЙОГУРТНИЦЫ,CCCCCC
7,04.003.0016.0371,04.003.0016,КОФЕМОЛКИ И КОФЕВАРКИ,CCCCCC
7,04.003.0016.0409,04.003.0016,КУХОННЫЕ ВЕСЫ,CCCCCC
7,04.003.0016.0410,04.003.0016,КУХОННЫЕ КОМБАЙНЫ,CCCCCC
7,04.003.0016.0460,04.003.0016,МИКСЕРЫ,CCCCCC
7,04.003.0016.0487,04.003.0016,МУЛЬТИВАРКИ,CCCCCC
7,04.003.0016.0507,04.003.0016,МЯСОРУБКИ,CCCCCC
7,04.003.0016.0563,04.003.0016,ПАРОВАРКИ,CCCCCC
7,04.003.0016.0732,04.003.0016,СВЧ ПЕЧИ,CCCCCC
7,04.003.0016.0773,04.003.0016,СОКОВЫЖИМАЛКИ,CCCCCC
7,04.003.0016.0860,04.003.0016,ТЕРМОПОТЫ,CCCCCC
7,04.003.0016.0880,04.003.0016,ТОСТЕРЫ,CCCCCC
7,04.003.0016.0900,04.003.0016,ФРИТЮРНИЦЫ,CCCCCC
7,04.003.0016.0909,04.003.0016,ХЛЕБОПЕЧКИ,CCCCCC
7,04.003.0016.0931,04.003.0016,ЧАЙНИКИ,CCCCCC
7,04.003.0068.0008,04.003.0068,АККУМУЛЯТОРЫ,CCCCCC
7,04.003.0068.0012,04.003.0068,АКСЕССУАРЫ И РАСХОДНИКИ,CCCCCC
7,04.003.0068.0204,04.003.0068,ДРУГИЕ ЭЛЕМЕНТЫ ПИТАНИЯ,CCCCCC
7,04.003.0068.0329,04.003.0068,КОМПЛЕКТУЮЩИЕ,CCCCCC
7,04.003.0068.0576,04.003.0068,ПЕРЕФИРИЙНЫЕ УСТРОЙСТВА,CCCCCC
7,04.003.0068.0893,04.003.0068,УСТРОЙСТВА ДЛЯ ЗАРЯДКИ АККУМУЛЯТОРОВ,CCCCCC
7,04.003.0068.0894,04.003.0068,УСТРОЙСТВА ДЛЯ ХРАНЕНИЯ ИНФОРМАЦИИ,CCCCCC
7,04.003.0103.0001,04.003.0103,CD ДИСКИ,CCCCCC
7,04.003.0103.0002,04.003.0103,DVD ДИСКИ,CCCCCC
7,04.005.0007.0241,04.005.0007,ЗОНТЫ,CCCCCC
7,04.005.0007.0558,04.005.0007,ОЧКИ,CCCCCC
7,04.005.0007.0579,04.005.0007,ПЕРЧАТКИ/ВАРЕЖКИ,CCCCCC
7,04.005.0007.0677,04.005.0007,РЕМНИ,CCCCCC
7,04.005.0007.0942,04.005.0007,"ШАРФЫ, ПАЛАНТИНЫ, ПЛАТКИ",CCCCCC
7,04.005.0029.0009,04.005.0029,АКСЕССУАРЫ ДЛЯ ВОЛОС,CCCCCC
7,04.005.0029.0043,04.005.0029,БИГУДИ,CCCCCC
7,04.005.0029.0044,04.005.0029,БИЖУТЕРИЯ,CCCCCC
7,04.005.0029.0230,04.005.0029,ЗАКОЛКИ,CCCCCC
7,04.005.0029.0368,04.005.0029,КОСМЕТИЧКИ,CCCCCC
7,04.005.0029.0642,04.005.0029,ПРИНАДЛЕЖНОСТИ ДЛЯ МАНИКЮРА,CCCCCC
7,04.005.0029.0643,04.005.0029,ПРИНАДЛЕЖНОСТИ ДЛЯ ПЕДИКЮРА,CCCCCC
7,04.005.0029.0644,04.005.0029,ПРИНАДЛЕЖНОСТИ ДЛЯ УХОДА ЗА ЛИЦОМ,CCCCCC
7,04.005.0029.0676,04.005.0029,РАСЧЕСКИ,CCCCCC
7,04.005.0063.0160,04.005.0063,ДЕТСКИЕ СУМКИ,CCCCCC
7,04.005.0063.0224,04.005.0063,ЖЕНСКИЕ СУМКИ,CCCCCC
7,04.005.0063.0483,04.005.0063,МУЖСКИЕ СУМКИ,CCCCCC
7,04.005.0063.0628,04.005.0063,"ПОРТМОНЕ, КОШЕЛЬКИ",CCCCCC
7,04.005.0063.0733,04.005.0063,СЕМЕЙНЫЕ СУМКИ,CCCCCC
7,04.012.0048.0190,04.012.0048,ДРУГИЕ БОЛЬШИЕ ИГРУШКИ,CCCCCC
7,04.012.0048.0859,04.012.0048,"ТЕНТЫ, ДОМА, ЯЩИКИ ДЛЯ ХРАНЕНИЯ",CCCCCC
7,04.012.0049.0011,04.012.0049,АКСЕССУАРЫ ДЛЯ КУКОЛ,CCCCCC
7,04.012.0049.0171,04.012.0049,"ДОМИКИ,  МЕБЕЛЬ ИГРУШЕЧНЫЕ",CCCCCC
7,04.012.0049.0192,04.012.0049,ДРУГИЕ ИГРУШКИ ДЛЯ ДЕВОЧЕК,CCCCCC
7,04.012.0049.0393,04.012.0049,КУКЛЫ,CCCCCC
7,04.012.0049.0511,04.012.0049,НАБОРЫ ДЛЯ ДЕВОЧЕК,CCCCCC
7,04.012.0049.0891,04.012.0049,УКРАШЕНИЯ ДЛЯ ДЕВОЧЕК,CCCCCC
7,04.012.0049.0895,04.012.0049,УТВАРЬ ИГРУШЕЧНАЯ ДОМАШНЯЯ,CCCCCC
7,04.012.0050.0193,04.012.0050,ДРУГИЕ ИГРУШКИ ДЛЯ МАЛЬЧИКОВ,CCCCCC
7,04.012.0050.0244,04.012.0050,ИГРУШЕЧНЫЕ ИНСТРУМЕНТЫ (МОЛОТКИ),CCCCCC
7,04.012.0050.0252,04.012.0050,ИГРУШКИ ОРУЖИЕ,CCCCCC
7,04.012.0050.0253,04.012.0050,ИГРУШКИ ТРАНСФОРМЕРЫ,CCCCCC
7,04.012.0050.0254,04.012.0050,ИГРУШКИ-ФИГУРКИ,CCCCCC
7,04.012.0050.0458,04.012.0050,"МЕХАНИЧЕСКИЕ ИГРУШКИ, МАШИНКИ",CCCCCC
7,04.012.0050.0512,04.012.0050,НАБОРЫ ДЛЯ МАЛЬЧИКОВ,CCCCCC
7,04.012.0050.0864,04.012.0050,ТЕХНИКА НА БАТАРЕЙКАХ,CCCCCC
7,04.012.0051.0113,04.012.0051,ВОЗДУШНЫЕ ЗМЕИ,CCCCCC
7,04.012.0051.0195,04.012.0051,ДРУГИЕ ЛЕТНИЕ ИГРУШКИ,CCCCCC
7,04.012.0051.0246,04.012.0051,ИГРУШКИ ДЛЯ ПЕСКА,CCCCCC
7,04.012.0051.0247,04.012.0051,ИГРУШКИ МЕЛКИЕ ПЛАСТИКОВЫЕ,CCCCCC
7,04.012.0051.0508,04.012.0051,МЯЧИ ДЕТСКИЕ,CCCCCC
7,04.012.0052.0245,04.012.0052,ИГРУШЕЧНЫЕ МУЗЫКАЛЬНЫЕ ИНСТРУМЕНТЫ,CCCCCC
7,04.012.0053.0248,04.012.0053,ИГРУШКИ МЯГКИЕ БОЛЬШИЕ,CCCCCC
7,04.012.0053.0249,04.012.0053,ИГРУШКИ МЯГКИЕ МАЛЕНЬКИЕ,CCCCCC
7,04.012.0053.0250,04.012.0053,ИГРУШКИ МЯГКИЕ МУЗЫКАЛЬНЫЕ,CCCCCC
7,04.012.0053.0251,04.012.0053,ИГРУШКИ МЯГКИЕ СРЕДНИЕ,CCCCCC
7,04.012.0097.0284,04.012.0097,КАЛЕЙДОСКОПЫ,CCCCCC
7,04.012.0097.0461,04.012.0097,МОЗАИКИ,CCCCCC
7,04.012.0097.0559,04.012.0097,ПАЗЛЫ,CCCCCC
7,04.012.0148.0173,04.012.0148,"ДОСКИ,АЛФАВИТЫ",CCCCCC
7,04.012.0148.0200,04.012.0148,ДРУГИЕ РАЗВИВАЮЩИЕ ИГРУШКИ,CCCCCC
7,04.012.0148.0255,04.012.0148,"ИГРЫ ОБУЧАЮЩИЕ, РАЗВИВАЮЩИЕ, ЛОГИЧЕСКИЕ",CCCCCC
7,04.012.0148.0344,04.012.0148,КОНСТРУКТОРЫ [0Х030H],CCCCCC
7,04.012.0148.0719,04.012.0148,СБОРНЫЕ МОДЕЛИ,CCCCCC
7,04.012.0148.0865,04.012.0148,ТОВАРЫ ДЛЯ ТВОРЧЕСТВА,CCCCCC
7,04.013.0062.0126,04.013.0062,ГЕРМЕТИКИ,CCCCCC
7,04.013.0062.0307,04.013.0062,КЛЕИ ДРУГИЕ,CCCCCC
7,04.013.0062.0308,04.013.0062,КЛЕИ КЛАССИЧЕСКИЕ,CCCCCC
7,04.013.0062.0309,04.013.0062,КЛЕИ СЕКУНДНЫЕ,CCCCCC
7,04.013.0152.0003,04.013.0152,АБРАЗИВНО-ШЛИФОВАЛЬНЫЙ ИНСТРУМЕНТ,CCCCCC
7,04.013.0152.0205,04.013.0152,ДРУГОЕ ИНСТРУМЕНТ,CCCCCC
7,04.013.0152.0258,04.013.0152,ИЗМЕРИТЕЛЬНЫЙ ИНСТРУМЕНТ,CCCCCC
7,04.013.0152.0434,04.013.0152,МАЛЯРНЫЙ ИНСТРУМЕНТ,CCCCCC
7,04.013.0152.0513,04.013.0152,"НАБОРЫ ИНСТРУМЕНТОВ, ЯЩИКИ, ЛЕСТНИЦЫ",CCCCCC
7,04.013.0152.0816,04.013.0152,СТОЛЯРНО-СЛЕСАРНЫЙ ИНСТРУМЕНТ,CCCCCC
7,04.013.0152.0890,04.013.0152,УДАРНО-ЗАБИВНОЙ И СВЕРЛИЛЬНЫЙ ИНСТРУМЕНТ,CCCCCC
7,04.013.0152.0950,04.013.0152,ШТУКАТУРНО-ОТДЕЛОЧНЫЙ ИНСТРУМЕНТ,CCCCCC
7,04.013.0220.0175,04.013.0220,ДРЕЛИ,CCCCCC
7,04.013.0220.0218,04.013.0220,ДРУГОЙ ЭЛЕКТРОИНСТРУМЕНТ,CCCCCC
7,04.013.0220.0552,04.013.0220,ОТВЕРТКИ АККУМУЛЯТОРНЫЕ,CCCCCC
7,04.013.0220.0578,04.013.0220,ПЕРФОРАТОРЫ,CCCCCC
7,04.013.0220.0951,04.013.0220,ШУРУПОВЕРТЫ,CCCCCC
7,04.013.0220.0958,04.013.0220,ЭЛЕКТРОЛОБЗИКИ,CCCCCC
7,04.014.0058.0014,04.014.0058,АЛЬБОМЫ И ПАПКИ ДЛЯ ЧЕРЧЕНИЯ,CCCCCC
7,04.014.0058.0015,04.014.0058,АЛЬБОМЫ И ТЕТРАДИ ДЛЯ РИСОВАНИЯ,CCCCCC
7,04.014.0058.0016,04.014.0058,БУМАГА ДЛЯ ЗАПИСЕЙ,CCCCCC
7,04.014.0059.0001,04.014.0059,СТОЛЫ ОФИСНЫЕ,CCCCCC
7,04.015.0001.0001,04.015.0001,ДРУГОЕ ДЕТСКОЕ БЕЛЬЕ,CCCCCC
7,05.001.0001.0001,05.001.0001,ПРОДУКЦИЯ ГРИЛЬ МЯСО (СП),CCCCCC
7,05.001.0001,05.001.0001,КУЛИНАРИЯ ПРОИЗВОДСТВО,CCCCCC
